{
  "version": "0.0.3",
  "job_config": {
    "version": "0.0.3",
    "name": null,
    "steps": [
      {
        "type": "udf",
        "udf": {
          "type": "geopandas_v2",
          "name": "overture_area_height_h3",
          "entrypoint": "udf",
          "parameters": {},
          "metadata": {
            "fused:userCreatedShareToken": "fsh_781iDRMpEFIxNplQNuJN5y",
            "fused:vizConfig": {
              "tileLayer": {
                "@@type": "TileLayer",
                "minZoom": 0,
                "maxZoom": 19,
                "tileSize": 258,
                "pickable": true
              },
              "hexLayer": {
                "coverage": 0.71,
                "opacity": 0.51,
                "@@type": "H3HexagonLayer",
                "stroked": false,
                "filled": true,
                "pickable": true,
                "extruded": true,
                "getFillColor": {
                  "@@function": "colorContinuous",
                  "attr": "cnt",
                  "domain": [
                    1500,
                    0
                  ],
                  "steps": 17,
                  "colors": "Emrld"
                },
                "getHexagon": "@@=properties.hex",
                "getFllColor": "@@=[properties.agg_band1, properties.agg_band2, properties.agg_band3]",
                "getElevation": "@@=properties.total_elevation",
                "elevationScale": 5
              }
            },
            "fused:udfType": "vector_tile",
            "fused:slug": "overture_area_height_h3",
            "fused:name": "overture_area_height_h3",
            "fused:id": "3bd392c1-6996-4404-8cff-aebda69579f8"
          },
          "source": "overture_area_height_h3.py",
          "headers": [
            {
              "module_name": "utils",
              "source_file": "utils.py"
            }
          ]
        }
      }
    ],
    "metadata": null
  }
}