{
  "version": "0.0.3",
  "job_config": {
    "version": "0.0.3",
    "name": null,
    "steps": [
      {
        "type": "udf",
        "udf": {
          "type": "geopandas_v2",
          "name": "overture_road_density_h3_gdf_grid",
          "entrypoint": "udf",
          "parameters": {},
          "metadata": {
            "fused:assetUrl": "https://fused-magic.s3.us-west-2.amazonaws.com/thumbnails/udfs-staging/Overture_Map_Example2.png",
            "fused:defaultParameters": [
              {
                "parameter": "release",
                "value": "",
                "type": "string",
                "suggestedValues": [
                  "2024-03-12-alpha-0",
                  "2024-02-15-alpha-0",
                  "2024-08-20-0",
                  "2024-09-18-0",
                  "2024-10-23-0"
                ]
              },
              {
                "parameter": "theme",
                "value": "",
                "type": "string",
                "suggestedValues": [
                  "buildings",
                  "base",
                  "places",
                  "transportation",
                  "admins",
                  "addresses"
                ]
              },
              {
                "parameter": "overture_type",
                "value": "",
                "type": "string",
                "suggestedValues": [
                  "land_use",
                  "water",
                  "administrative_boundary",
                  "place",
                  "connector",
                  "segment",
                  "building",
                  "address",
                  "infrastructure",
                  "land",
                  "division",
                  "division_area",
                  "division_boundary"
                ]
              },
              {
                "parameter": "use_columns",
                "value": [],
                "type": "array",
                "suggestedValues": [
                  "geometry",
                  "id",
                  "names",
                  "sources",
                  "update_time",
                  "categories"
                ]
              }
            ],
            "fused:tags": [
              {
                "id": "overture",
                "label": "overture"
              },
              {
                "id": "coop",
                "label": "coop"
              }
            ],
            "fused:description": "Buildings footprints, places of interest (POIs), admin boundaries, and transportation globally from [Overture Maps](https://overturemaps.org/).\n\n## Parameters\n\n- `release`: Overture release ID. Defaults to `2024-10-23-0`. Note that `.` should be replaced with `-` in the ID.\n- `type`: One of `infrastructure`, `land`, `land_use`, `water`, `division`, `division_boundary`, `division_area`, `place`, `connector`, `segment`, `address`, `building` (default).\n- `theme`: One of `buildings`, `base`, `places`, `transportation`, `divisions`, `addresses`. If not specified, this will be inferred from the type.\n- `use_columns`: Load only these columns if specified. Default is to load all columns.\n\n## Run this in any Jupyter Notebook\n\n```python\nimport fused\nimport geopandas as gpd\n\nudf = fused.load(\"https://github.com/fusedio/udfs/tree/main/public/Overture_Maps_Example\")\ngdf_output = fused.run(udf, x=2622, y=6333, z=14)\ngdf = gpd.GeoDataFrame(gdf_output, geometry='geometry', crs='epsg:4326')\ngdf.plot()\n```\n",
            "fused:vizConfig": {
              "tileLayer": {
                "@@type": "TileLayer",
                "minZoom": 0,
                "maxZoom": 19,
                "tileSize": 256,
                "pickable": true
              },
              "rasterLayer": {
                "@@type": "BitmapLayer",
                "pickable": true
              },
              "vectorLayer": {
                "@@type": "H3HexagonLayer",
                "stroked": true,
                "filled": true,
                "extruded": true,
                "pickable": true,
                "opacity": 0.2,
                "getHexagon": "@@=properties.cell_id",
                "lineWidthMinPixels": 1,
                "pointRadiusMinPixels": 1,
                "getElevation": {
                  "@@function": "hasProp",
                  "property": "total_value",
                  "present": "@@=properties.total_value",
                  "absent": 1
                },
                "elevationScale": 10,
                "getFillColor": {
                  "@@function": "hasProp",
                  "property": "r",
                  "present": "@@=[properties.r, properties.g, properties.b, 128]",
                  "absent": [
                    255,
                    0,
                    255,
                    128
                  ]
                }
              }
            },
            "fused:udfType": "vector_tile",
            "fused:slug": "overture_road_density_h3_gdf_grid",
            "fused:name": "overture_road_density_h3_gdf_grid",
            "fused:defaultViewState": {
              "enable": false,
              "latitude": 51.50786698991621,
              "longitude": -0.10589130924052784,
              "zoom": 13.935948485009598,
              "pitch": 0,
              "bearing": 0
            },
            "fused:gitUrl": "https://github.com/fusedio/udfs/tree/605213b77342e5320ac544a6072dcde925fd3610/public/Overture_Maps_Example/",
            "fused:gitPath": "public/Overture_Maps_Example",
            "fused:gitRef": "605213b77342e5320ac544a6072dcde925fd3610",
            "fused:gitAuthorNames": [
              "Isaac Brodsky",
              "Plinio Guzman",
              "Sina Kashuk",
              "Fabion Kauker",
              null,
              "Tyler Erickson"
            ],
            "fused:gitAuthorUsernames": [
              "isaacbrodsky",
              "pgzmnk",
              "kashuk",
              "fhk",
              "fused-io[bot]",
              "tylere"
            ],
            "fused:gitAuthorUrls": [
              "https://github.com/isaacbrodsky",
              "https://github.com/pgzmnk",
              "https://github.com/kashuk",
              "https://github.com/fhk",
              "https://github.com/apps/fused-io",
              "https://github.com/tylere"
            ],
            "fused:gitAuthorAvatarUrls": [
              "https://avatars.githubusercontent.com/u/9139378?v=4",
              "https://avatars.githubusercontent.com/u/27398253?v=4",
              "https://avatars.githubusercontent.com/u/12432685?v=4",
              "https://avatars.githubusercontent.com/u/4031392?v=4",
              "https://avatars.githubusercontent.com/in/834700?v=4",
              "https://avatars.githubusercontent.com/u/92862?v=4"
            ],
            "fused:gitShortUrl": "https://github.com/fusedio/udfs/tree/605213b/public/Overture_Maps_Example/",
            "fused:gitLastModified": "2024-10-29T23:08:59+00:00",
            "fused:gitRepo": "fusedio/udfs",
            "fused:id": "29fa4dda-2f1d-429f-981d-5a83c6211138"
          },
          "source": "overture_road_density_h3_gdf_grid.py",
          "headers": [
            {
              "module_name": "utils",
              "source_file": "utils.py"
            }
          ]
        }
      }
    ],
    "metadata": null
  }
}