{
  "version": "0.0.3",
  "job_config": {
    "version": "0.0.3",
    "name": null,
    "steps": [
      {
        "type": "udf",
        "udf": {
          "type": "geopandas_v2",
          "name": "overture_buildings_h3_geojson_dem_2",
          "entrypoint": "udf",
          "parameters": {},
          "metadata": {
            "fused:vizConfig": {
              "tileLayer": {
                "@@type": "TileLayer",
                "minZoom": 0,
                "maxZoom": 19,
                "tileSize": 256
              },
              "rasterLayer": {
                "@@type": "BitmapLayer",
                "pickable": true
              },
              "vectorLayer": {
                "@@type": "GeoJsonLayer",
                "stroked": true,
                "filled": false,
                "pickable": true,
                "lineWidthMinPixels": 1,
                "pointRadiusMinPixels": 1,
                "getLineWidth": "@@=properties.burn_prob *10",
                "getLineColor": {
                  "@@function": "colorContinuous",
                  "attr": "burn_prob",
                  "domain": [
                    0,
                    900
                  ],
                  "steps": 20,
                  "colors": "Geyser",
                  "nullColor": [
                    184,
                    184,
                    184
                  ]
                },
                "getFillColor": [
                  208,
                  208,
                  208,
                  40
                ]
              }
            },
            "fused:udfType": "vector_tile",
            "fused:slug": "overture_buildings_h3_geojson_dem_2",
            "fused:name": "overture_buildings_h3_geojson_dem_2",
            "fused:id": "c3183eb5-c4dc-43c1-ac4d-841cbd12ea3b",
            "fused:defaultViewState": {
              "enable": false,
              "latitude": 46.07438022472746,
              "longitude": -118.40765258733397,
              "zoom": 9.087286351998165,
              "pitch": 10,
              "bearing": 67.55
            },
            "fused:userCreatedShareToken": "fsh_5t5PNBeRWIGulM91JBO8GK"
          },
          "source": "overture_buildings_h3_geojson_dem_2.py",
          "headers": [
            {
              "module_name": "utils",
              "source_file": "utils.py"
            }
          ]
        }
      }
    ],
    "metadata": null
  }
}