{
  "version": "0.0.3",
  "job_config": {
    "version": "0.0.3",
    "name": null,
    "steps": [
      {
        "type": "udf",
        "udf": {
          "type": "geopandas_v2",
          "name": "world_temp_plinio_3",
          "entrypoint": "udf",
          "parameters": {},
          "metadata": {
            "fused:vizConfig": {
              "tileLayer": {
                "@@type": "TileLayer",
                "minZoom": 0,
                "maxZoom": 19,
                "tileSize": 256,
                "pickable": true
              },
              "rasterLayer": {
                "@@type": "BitmapLayer"
              },
              "vectorLayer": {
                "@@type": "GeoJsonLayer",
                "stroked": true,
                "filled": true,
                "pickable": true,
                "lineWidthMinPixels": 1,
                "getLineColor": {
                  "@@function": "hasProp",
                  "property": "r",
                  "present": "@@=[properties.r, properties.g, properties.b]",
                  "absent": [
                    255,
                    25,
                    255
                  ]
                },
                "getFillColor": [
                  255,
                  0,
                  0,
                  0
                ]
              },
              "hexLayer": {
                "@@type": "H3HexagonLayer",
                "stroked": false,
                "filled": true,
                "pickable": true,
                "extruded": true,
                "opacity": 1,
                "coverage": 1,
                "lineWidthMinPixels": 0,
                "getHexagon": "@@=properties.hex",
                "getLineColor": {
                  "@@function": "colorContinuous",
                  "attr": "metric",
                  "domain": [
                    0,
                    10000
                  ],
                  "steps": 15,
                  "colors": "TealGrn",
                  "nullColor": [
                    184,
                    184,
                    184
                  ]
                },
                "getFillColor": {
                  "@@function": "colorContinuous",
                  "attr": "metric",
                  "domain": [
                    240,
                    400
                  ],
                  "colors": "Ge",
                  "nullColor": [
                    184,
                    184,
                    184
                  ]
                },
                "getElevation": {
                  "@@function": "hasProp",
                  "property": "cnt",
                  "present": "@@=properties.score",
                  "absent": 1
                },
                "elevationScale": 10
              }
            },
            "fused:udfType": "auto",
            "fused:slug": "world_temp_plinio_3",
            "fused:name": "world_temp_plinio_3"
          },
          "source": "world_temp_plinio_3.py",
          "headers": []
        }
      }
    ],
    "metadata": null
  }
}