{
  "version": "0.0.3",
  "job_config": {
    "version": "0.0.3",
    "name": null,
    "steps": [
      {
        "type": "udf",
        "udf": {
          "type": "geopandas_v2",
          "name": "overture_land_use_h3_sentinel",
          "entrypoint": "udf",
          "parameters": {},
          "metadata": {
            "fused:vizConfig": {
              "tileLayer": {
                "@@type": "TileLayer",
                "minZoom": 0,
                "maxZoom": 19,
                "tileSize": 258,
                "pickable": true
              },
              "hexLayer": {
                "coverage": 1,
                "opacity": 1,
                "@@type": "H3HexagonLayer",
                "stroked": false,
                "filled": true,
                "pickable": true,
                "extruded": true,
                "getHexagon": "@@=properties.hex",
                "getFillColor": "@@=[properties.agg_band1, properties.agg_band2, properties.agg_band3]",
                "getElevation": "@@=properties.metric",
                "elevationScale": 4
              }
            },
            "fused:udfType": "vector_tile",
            "fused:slug": "overture_land_use_h3_sentinel",
            "fused:name": "overture_land_use_h3_sentinel",
            "fused:defaultViewState": {
              "enable": false,
              "latitude": 46.07438022472746,
              "longitude": -118.40765258733397,
              "zoom": 9.087286351998165,
              "pitch": 10,
              "bearing": 67.55
            },
            "fused:id": "36e666cb-3c6f-4e45-a576-84bcd3a5c88b"
          },
          "source": "overture_land_use_h3_sentinel.py",
          "headers": [
            {
              "module_name": "utils",
              "source_file": "utils.py"
            }
          ]
        }
      }
    ],
    "metadata": null
  }
}