{
  "version": "0.0.3",
  "job_config": {
    "version": "0.0.3",
    "name": null,
    "steps": [
      {
        "type": "udf",
        "udf": {
          "type": "geopandas_v2",
          "name": "NLCD_Tile_Hexify",
          "entrypoint": "udf",
          "parameters": {},
          "metadata": {
            "fused:vizConfig": {
              "tileLayer": {
                "@@type": "TileLayer",
                "minZoom": 5,
                "maxZoom": 19,
                "tileSize": 256,
                "extrude": true,
                "pickable": true
              },
              "hexLayer": {
                "opacity": 1,
                "coverage": 1,
                "@@type": "H3HexagonLayer",
                "stroked": true,
                "filled": true,
                "pickable": true,
                "getHexagon": "@@=properties.hex",
                "getFillColor": "@@=[properties.r, properties.g, properties.b]",
                "getElevation": "@@=properties.elevation",
                "elevationScale": 10
              }
            },
            "fused:udfType": "vector_tile",
            "fused:slug": "NLCD_Tile_Hexify",
            "fused:name": "NLCD_Tile_Hexify",
            "fused:id": "6baa0253-17b4-40dd-9999-85e9938ea2b7",
            "fused:gitUrl": "https://github.com/fusedio/udfs/tree/46f40c13640f8d85154a774e92ca2c69a68111e7/public/NLCD_Tile_Hexify/",
            "fused:gitShortUrl": "https://github.com/fusedio/udfs/tree/46f40c1/public/NLCD_Tile_Hexify/",
            "fused:gitPath": "public/NLCD_Tile_Hexify",
            "fused:gitRef": "46f40c13640f8d85154a774e92ca2c69a68111e7",
            "fused:gitAuthorNames": [
              null,
              "Isaac Brodsky",
              "Sina Kashuk",
              "Suryashankar Das",
              "Milind Soni"
            ],
            "fused:gitAuthorUsernames": [
              "fused-io[bot]",
              "isaacbrodsky",
              "kashuk",
              "iamsdas",
              "milind-soni"
            ],
            "fused:gitAuthorUrls": [
              "https://github.com/apps/fused-io",
              "https://github.com/isaacbrodsky",
              "https://github.com/kashuk",
              "https://github.com/iamsdas",
              "https://github.com/milind-soni"
            ],
            "fused:gitAuthorAvatarUrls": [
              "https://avatars.githubusercontent.com/in/834700?v=4",
              "https://avatars.githubusercontent.com/u/9139378?v=4",
              "https://avatars.githubusercontent.com/u/12432685?v=4",
              "https://avatars.githubusercontent.com/u/26461855?v=4",
              "https://avatars.githubusercontent.com/u/46266943?v=4"
            ],
            "fused:gitLastModified": "2025-03-28T10:29:14+00:00",
            "fused:gitRepo": "fusedio/udfs",
            "fused:explorerTab": "public",
            "fused:defaultViewState": {
              "enable": true,
              "latitude": 37.938472382088094,
              "longitude": -121.22552505726844,
              "zoom": 8.014707931333762,
              "pitch": 0,
              "bearing": 0
            },
            "fused:assetUrl": "https://fused-magic.s3.us-west-2.amazonaws.com/thumbnails/udfs-staging/NLCD_Tile_Hexify.png",
            "fused:tags": [
              {
                "id": "raster",
                "label": "raster"
              },
              {
                "id": "aws",
                "label": "aws"
              },
              {
                "id": "lulc",
                "label": "lulc"
              },
              {
                "id": "30-meter",
                "label": "30-meter"
              }
            ],
            "fused:description": "# Overview\n\nThis UDF shows how to open annual [National Land Cover Database (National Land Cover Database) data](https://www.usgs.gov/centers/eros/science/annual-national-land-cover-database#overview) (NLCD) tiff files and dynamically converted into an H3 grid. The NLCD is a categorical land cover dataset with applications like carbon emission estimates, urban development analysis, wildfire hazard modeling, and tracking ecological and habitat changes. This dataset has annual coverage from 1985 to 2023.\n",
            "fused:explorerPin": "9"
          },
          "source": "NLCD_Tile_Hexify.py",
          "headers": [
            {
              "module_name": "utils",
              "source_file": "utils.py"
            }
          ]
        }
      }
    ],
    "metadata": null
  }
}