{
  "version": "0.0.3",
  "job_config": {
    "version": "0.0.3",
    "name": null,
    "steps": [
      {
        "type": "udf",
        "udf": {
          "type": "geopandas_v2",
          "name": "Overture_Maps_Example",
          "entrypoint": "udf",
          "parameters": {},
          "metadata": {
            "fused:defaultParameters": [
              {
                "parameter": "release",
                "value": "",
                "type": "string",
                "suggestedValues": [
                  "2024-08-20-0",
                  "2024-09-18-0",
                  "2024-10-23-0",
                  "2024-11-13-0",
                  "2024-12-18-0",
                  "2025-01-22-0",
                  "2025-03-19-1",
                  "2025-04-23-0",
                  "2025-05-21-0",
                  "2025-06-25-0",
                  "2025-09-24-0",
                  "2025-10-22-0"
                ]
              },
              {
                "parameter": "theme",
                "value": "",
                "type": "string",
                "suggestedValues": [
                  "buildings",
                  "base",
                  "places",
                  "transportation",
                  "addresses",
                  "divisions"
                ]
              },
              {
                "parameter": "overture_type",
                "value": "",
                "type": "string",
                "suggestedValues": [
                  "land_use",
                  "water",
                  "place",
                  "connector",
                  "segment",
                  "building",
                  "address",
                  "infrastructure",
                  "land",
                  "division",
                  "division_area",
                  "division_boundary",
                  "land_cover",
                  "bathymetry"
                ]
              },
              {
                "parameter": "use_columns",
                "value": [],
                "type": "array",
                "suggestedValues": [
                  "geometry",
                  "id",
                  "names",
                  "sources",
                  "update_time",
                  "categories"
                ]
              }
            ],
            "fused:vizConfig": {
              "tileLayer": {
                "@@type": "TileLayer",
                "minZoom": 0,
                "maxZoom": 19,
                "tileSize": 256,
                "pickable": true
              },
              "rasterLayer": {
                "@@type": "BitmapLayer"
              },
              "vectorLayer": {
                "@@type": "GeoJsonLayer",
                "stroked": false,
                "filled": true,
                "pickable": true,
                "lineWidthMinPixels": 1,
                "getElevation": "@@=properties.height",
                "elevationScale": 4,
                "getLineColor": {
                  "@@function": "hasProp",
                  "property": "r",
                  "present": "@@=[properties.r, properties.g, properties.b]",
                  "absent": [
                    200,
                    250,
                    0
                  ]
                },
                "getFillColor": [
                  255,
                  0,
                  0,
                  40
                ]
              }
            },
            "fused:udfType": "vector_tile",
            "fused:slug": "Overture_Maps_Example",
            "fused:name": "Overture_Maps_Example",
            "fused:defaultViewState": {
              "enable": true,
              "latitude": 51.50786698991621,
              "longitude": -0.10589130924052784,
              "zoom": 13.935948485009598,
              "pitch": 0,
              "bearing": 0
            },
            "fused:gitShortUrl": "https://github.com/fusedio/udfs/tree/63f5fc1/public/Overture_Maps_Example/",
            "fused:gitPath": "public/Overture_Maps_Example",
            "fused:gitRef": "63f5fc112b7079cddcf83cdfcebb86a762b1aa10",
            "fused:assetUrl": "https://fused-magic.s3.us-west-2.amazonaws.com/thumbnails/udfs-staging/Overture_Map_Example2.png",
            "fused:tags": [
              {
                "id": "overture",
                "label": "overture"
              },
              {
                "id": "coop",
                "label": "coop"
              }
            ],
            "fused:description": "Buildings footprints, places of interest (POIs), admin boundaries, and transportation globally from [Overture Maps](https://overturemaps.org/).\n\n## Parameters\n\n- `release`: Overture release ID. Defaults to `2024-12-18-0`. Note that `.` should be replaced with `-` in the ID.\n- `type`: One of `infrastructure`, `land`, `land_use`, `water`, `division`, `division_boundary`, `division_area`, `place`, `connector`, `segment`, `address`, `building` (default).\n- `theme`: One of `buildings`, `base`, `places`, `transportation`, `divisions`, `addresses`. If not specified, this will be inferred from the type.\n- `use_columns`: Load only these columns if specified. Default is to load all columns.\n\n## Run this in any Jupyter Notebook\n\n```python\nimport fused\nimport geopandas as gpd\n\nudf = fused.load(\"https://github.com/fusedio/udfs/tree/main/public/Overture_Maps_Example\")\ngdf_output = fused.run(udf, x=2622, y=6333, z=14)\ngdf = gpd.GeoDataFrame(gdf_output, geometry='geometry', crs='epsg:4326')\ngdf.plot()\n```\n",
            "fused:explorerPin": "1",
            "fused:gitAuthorNames": [
              null,
              null,
              null,
              null,
              null,
              null,
              null,
              null,
              null,
              null
            ],
            "fused:gitAuthorUsernames": [
              "isaacbrodsky",
              "pgzmnk",
              "kashuk",
              "fhk",
              "fused-io[bot]",
              "tylere",
              "iamsdas",
              "milind-soni",
              "MaxLenormand",
              "fused-io-unstable[bot]"
            ],
            "fused:gitAuthorUrls": [
              "https://github.com/isaacbrodsky",
              "https://github.com/pgzmnk",
              "https://github.com/kashuk",
              "https://github.com/fhk",
              "https://github.com/apps/fused-io",
              "https://github.com/tylere",
              "https://github.com/iamsdas",
              "https://github.com/milind-soni",
              "https://github.com/MaxLenormand",
              "https://github.com/apps/fused-io-unstable"
            ],
            "fused:gitAuthorAvatarUrls": [
              "https://avatars.githubusercontent.com/u/9139378?v=4",
              "https://avatars.githubusercontent.com/u/27398253?v=4",
              "https://avatars.githubusercontent.com/u/12432685?v=4",
              "https://avatars.githubusercontent.com/u/4031392?v=4",
              "https://avatars.githubusercontent.com/in/834700?v=4",
              "https://avatars.githubusercontent.com/u/92862?v=4",
              "https://avatars.githubusercontent.com/u/26461855?v=4",
              "https://avatars.githubusercontent.com/u/46266943?v=4",
              "https://avatars.githubusercontent.com/u/44133329?v=4",
              "https://avatars.githubusercontent.com/in/1140406?v=4"
            ],
            "fused:gitLastModified": "2025-11-06T20:19:09+00:00",
            "fused:explorerTab": "self",
            "fused:gitRepo": "fusedio/udfs"
          },
          "source": "Overture_Maps_Example.py",
          "headers": []
        }
      }
    ],
    "metadata": null
  }
}