{
  "version": "0.0.3",
  "job_config": {
    "version": "0.0.3",
    "name": null,
    "steps": [
      {
        "type": "udf",
        "udf": {
          "type": "geopandas_v2",
          "name": "DEM_Tile_Example_copy",
          "entrypoint": "udf",
          "parameters": {},
          "metadata": {
            "fused:assetUrl": "https://fused-magic.s3.us-west-2.amazonaws.com/thumbnails/udfs-staging/DEM_Tile_Example.png",
            "fused:defaultParameters": [],
            "fused:datasets": "Digital Elevation Model",
            "fused:tags": [
              {
                "id": "dem",
                "label": "dem"
              },
              {
                "id": "elevation",
                "label": "elevation"
              },
              {
                "id": "raster",
                "label": "raster"
              },
              {
                "id": "30-meter",
                "label": "30-meter"
              }
            ],
            "fused:description": "#### Overview\nThe Copernicus DEM is a digital surface model (DSM), which represents the surface of the Earth including buildings, infrastructure, and vegetation. This DSM is based on radar satellite data acquired during the TanDEM-X Mission, which was funded by a public-private partnership between the German Aerospace Centre (DLR) and Airbus Defence and Space.\n\n\nCopernicus DEM is available at both 30-meter and 90-meter resolution.\n\n\nSee the [Product Handbook](https://object.cloud.sdsc.edu/v1/AUTH_opentopography/www/metadata/Copernicus_metadata.pdf) for more information.\n\nSee the dataset page on [OpenTopography](https://doi.org/10.5069/G9028PQB).\n#### STAC Collections\n*  [AWS Earth Search](https://earth-search.aws.element84.com/v1/collections/cop-dem-glo-30)\n* [Microsoft Planetary Computer](https://planetarycomputer.microsoft.com/api/stac/v1/collections/cop-dem-glo-30)\n\n\n## Run this in any Jupyter Notebook\n\n```python\nimport fused\nimport geopandas as gpd\n\nudf_url = \"https://github.com/fusedio/udfs/tree/main/public/DEM_Tile_Example\"\nudf = fused.load(udf_url)\n\nbbox = gpd.GeoDataFrame.from_features(\n    {\"type\": \"FeatureCollection\", \"features\": [{\"id\": \"0\", \"type\": \"Feature\", \"properties\": {\"x\": 1311, \"y\": 3164, \"z\": 13}, \"geometry\": {\"type\": \"Polygon\", \"coordinates\": [[[-124.1455078125, 41.77131167976406], [-124.1455078125, 41.73852846935915], [-124.189453125, 41.73852846935915], [-124.189453125, 41.77131167976406], [-124.1455078125, 41.77131167976406]]]}}]}\n)\n\narr = udf.run_local(bbox=bbox)\narr\n```\n",
            "fused:vizConfig": {
              "@@type": "TileLayer",
              "minZoom": 0,
              "maxZoom": 13,
              "tileSize": 256,
              "pickable": true,
              "subLayerConfig": {
                "@@type": "BitmapLayer"
              }
            },
            "fused:udfType": "raster",
            "fused:slug": "DEM_Tile_Example_copy",
            "fused:name": "DEM_Tile_Example_copy",
            "fused:id": "072c3035-df75-412b-baf4-b14dc61301a6",
            "fused:gitUrl": "https://github.com/fusedio/udfs/tree/94cf254b4af33030a5ee8a19d853c02dc8b48796/public/DEM_Tile_Example/",
            "fused:gitShortUrl": "https://github.com/fusedio/udfs/tree/94cf254/public/DEM_Tile_Example/",
            "fused:gitPath": "public/DEM_Tile_Example",
            "fused:gitRef": "94cf254b4af33030a5ee8a19d853c02dc8b48796",
            "fused:gitAuthorNames": [
              "Sina Kashuk",
              "Tyler Erickson",
              null,
              "Plinio Guzman"
            ],
            "fused:gitAuthorUsernames": [
              "kashuk",
              "tylere",
              "charlesfused",
              "pgzmnk"
            ],
            "fused:gitAuthorUrls": [
              "https://github.com/kashuk",
              "https://github.com/tylere",
              "https://github.com/charlesfused",
              "https://github.com/pgzmnk"
            ],
            "fused:gitAuthorAvatarUrls": [
              "https://avatars.githubusercontent.com/u/12432685?v=4",
              "https://avatars.githubusercontent.com/u/92862?v=4",
              "https://avatars.githubusercontent.com/u/148997493?v=4",
              "https://avatars.githubusercontent.com/u/27398253?v=4"
            ],
            "fused:gitLastModified": "2024-03-05T11:36:20+00:00",
            "fused:explorerTab": "public"
          },
          "source": "DEM_Tile_Example_copy.py",
          "headers": []
        }
      }
    ],
    "metadata": null
  }
}