{
  "version": "0.0.3",
  "job_config": {
    "version": "0.0.3",
    "name": null,
    "steps": [
      {
        "type": "udf",
        "udf": {
          "type": "geopandas_v2",
          "name": "Census_ACS_5yr_min_zoom",
          "entrypoint": "udf",
          "parameters": {},
          "metadata": {
            "fused:vizConfig": {
              "tileLayer": {
                "@@type": "TileLayer",
                "minZoom": 4,
                "maxZoom": 19,
                "tileSize": 256,
                "pickable": true
              },
              "rasterLayer": {
                "@@type": "BitmapLayer",
                "pickable": true
              },
              "vectorLayer": {
                "@@type": "GeoJsonLayer",
                "stroked": true,
                "filled": true,
                "pickable": true,
                "lineWidthMinPixels": 2,
                "getFillColor": "@@=[properties.metric, properties.metric/4, properties.metric]",
                "getLineColor": "@@=[properties.metric, properties.metric/4, properties.metric]"
              }
            },
            "fused:udfType": "vector_tile",
            "fused:slug": "Census_ACS_5yr_min_zoom",
            "fused:name": "Census_ACS_5yr_min_zoom",
            "fused:gitPath": "public/Census_ACS_5yr",
            "fused:gitRef": "782100c20edb84363bae2f24d59f9e67173df33a",
            "fused:assetUrl": "https://fused-magic.s3.us-west-2.amazonaws.com/thumbnails/udfs-staging/Census_ACS_5yr.png",
            "fused:description": "## Overview\n\nThis UDF shows how to retrieve the American Community Survey (ACS) dataset provided by the U.S. Census Bureau. It contains demographic, social, economic, and housing characteristics aggregated over a 5-year period. This dataset provides detailed information about various population attributes at different geographic levels, such as states, counties, and census tracts.\n\n## External links\n\n- [ACS official Website](https://www.census.gov/programs-surveys/acs/)\n",
            "fused:gitAuthorNames": [
              "Plinio Guzman",
              "Isaac Brodsky",
              "Suryashankar Das",
              "Suryashankar Das"
            ],
            "fused:gitAuthorUsernames": [
              "pgzmnk",
              "isaacbrodsky",
              "iamsdas-fused",
              "iamsdas"
            ],
            "fused:gitAuthorUrls": [
              "https://github.com/pgzmnk",
              "https://github.com/isaacbrodsky",
              "https://github.com/iamsdas-fused",
              "https://github.com/iamsdas"
            ],
            "fused:gitAuthorAvatarUrls": [
              "https://avatars.githubusercontent.com/u/27398253?v=4",
              "https://avatars.githubusercontent.com/u/9139378?v=4",
              "https://avatars.githubusercontent.com/u/200643783?v=4",
              "https://avatars.githubusercontent.com/u/26461855?v=4"
            ],
            "fused:gitLastModified": "2025-05-19T08:22:12+00:00",
            "fused:explorerTab": "self",
            "fused:gitRepo": "fusedio/udfs"
          },
          "source": "Census_ACS_5yr_min_zoom.py",
          "headers": [
            {
              "module_name": "utils",
              "source_file": "utils.py"
            }
          ]
        }
      }
    ],
    "metadata": null
  }
}