{
  "version": "0.0.3",
  "job_config": {
    "version": "0.0.3",
    "name": null,
    "steps": [
      {
        "type": "udf",
        "udf": {
          "type": "geopandas_v2",
          "name": "AirBnb_Listings_5_star_superhost",
          "entrypoint": "udf",
          "parameters": {},
          "metadata": {
            "fused:tags": [
              {
                "id": "H3-vector",
                "label": "H3-vector"
              },
              {
                "id": "airbnb",
                "label": "airbnb"
              },
              {
                "id": "Aggregation",
                "label": "Aggregation"
              },
              {
                "id": "DuckDB",
                "label": "DuckDB"
              },
              {
                "id": "csv",
                "label": "csv"
              }
            ],
            "fused:vizConfig": {
              "tileLayer": {
                "@@type": "TileLayer",
                "minZoom": 0,
                "maxZoom": 19,
                "tileSize": 256,
                "pickable": true
              },
              "vectorLayer": {
                "opacity": 5,
                "@@type": "GeoJsonLayer",
                "stroked": false,
                "filled": true,
                "pickable": true,
                "getRadius": 10,
                "getFillColor": "@@=[properties.cnt*255/properties.val, properties.cnt*100/properties.val, properties.cnt*40/properties.val]"
              }
            },
            "fused:udfType": "auto",
            "fused:slug": "AirBnb_Listings_5_star_superhost",
            "fused:name": "AirBnb_Listings_5_star_superhost",
            "fused:id": "c120dcd4-dc4b-4f8d-a673-75e7ba418e97",
            "fused:assetUrl": "https://www.geomermaids.com/wp-content/uploads/2024/04/airbnb_new_orleans.png",
            "fused:defaultViewState": {
              "enable": false,
              "latitude": 42.34986928193666,
              "longitude": -71.08157866743917,
              "zoom": 11.95186270989124,
              "pitch": 0,
              "bearing": 0
            },
            "fused:description": "## Overview\n\nInteractive AirBnB offer map, generated from the data located at https://insideairbnb.com/get-the-data/\n",
            "fused:gitUrl": "https://github.com/fusedio/udfs/tree/75be14e6587ddd36d6b4f2b1d7242670af9bfb6a/public/AirBnb_Listings/",
            "fused:gitShortUrl": "https://github.com/fusedio/udfs/tree/75be14e/public/AirBnb_Listings/",
            "fused:gitPath": "public/AirBnb_Listings",
            "fused:gitRef": "75be14e6587ddd36d6b4f2b1d7242670af9bfb6a",
            "fused:gitAuthorNames": [
              "Guillaume SUEUR",
              "Isaac Brodsky",
              "Plinio Guzman"
            ],
            "fused:gitAuthorUsernames": [
              "gsueur",
              "isaacbrodsky",
              "pgzmnk"
            ],
            "fused:gitAuthorUrls": [
              "https://github.com/gsueur",
              "https://github.com/isaacbrodsky",
              "https://github.com/pgzmnk"
            ],
            "fused:gitAuthorAvatarUrls": [
              "https://avatars.githubusercontent.com/u/1681817?v=4",
              "https://avatars.githubusercontent.com/u/9139378?v=4",
              "https://avatars.githubusercontent.com/u/27398253?v=4"
            ],
            "fused:gitLastModified": "2024-09-18T04:27:15+00:00",
            "fused:defaultParameters": [
              {
                "parameter": "city",
                "value": "",
                "type": "string",
                "suggestedValues": [
                  "Paris",
                  "London",
                  "Sydney",
                  "Boston",
                  "New York City",
                  "San Francisco",
                  "Twin Cities MSA",
                  "Chicago",
                  "Istanbul",
                  "Rome",
                  "Lisbon",
                  "Berlin",
                  "New Orleans",
                  "Los Angeles",
                  "Dallas",
                  "Copenhagen",
                  "Cape Town",
                  "Buenos Aires",
                  "Brussels"
                ]
              }
            ],
            "fused:explorerTab": "public",
            "fused:gitRepo": "fusedio/udfs"
          },
          "source": "AirBnb_Listings_5_star_superhost.py",
          "headers": []
        }
      }
    ],
    "metadata": null
  }
}