{
  "version": "0.0.3",
  "job_config": {
    "version": "0.0.3",
    "name": null,
    "steps": [
      {
        "type": "udf",
        "udf": {
          "type": "geopandas_v2",
          "name": "deland_florida_fall_2024_buildings_s2",
          "entrypoint": "udf",
          "parameters": {},
          "metadata": {
            "fused:vizConfig": {
              "tileLayer": {
                "@@type": "TileLayer",
                "minZoom": 0,
                "maxZoom": 19,
                "tileSize": 256,
                "pickable": true
              },
              "rasterLayer": {
                "@@type": "BitmapLayer",
                "pickable": true
              },
              "vectorLayer": {
                "@@type": "GeoJsonLayer",
                "stroked": true,
                "filled": false,
                "pickable": true,
                "lineWidthMinPixels": 2,
                "pointRadiusMinPixels": 1,
                "getLineColor": [
                  255,
                  165,
                  0
                ]
              }
            },
            "fused:udfType": "auto",
            "fused:slug": "deland_florida_fall_2024_buildings_s2",
            "fused:name": "deland_florida_fall_2024_buildings_s2",
            "fused:id": "9f688953-37fe-4d0a-af1b-e986ec10ca89"
          },
          "source": "deland_florida_fall_2024_buildings_s2.py",
          "headers": []
        }
      }
    ],
    "metadata": null
  }
}