{
  "version": "0.0.3",
  "job_config": {
    "version": "0.0.3",
    "name": null,
    "steps": [
      {
        "type": "udf",
        "udf": {
          "type": "geopandas_v2",
          "name": "USGS_snake_river_wyoming_2",
          "entrypoint": "udf",
          "parameters": {},
          "metadata": {
            "fused:vizConfig": {
              "tileLayer": {
                "@@type": "TileLayer",
                "minZoom": 0,
                "maxZoom": 14,
                "tileSize": 256,
                "extrude": true,
                "pickable": true
              },
              "hexLayer": {
                "opacity": 1,
                "@@type": "H3HexagonLayer",
                "stroked": false,
                "filled": true,
                "pickable": true,
                "extruded": false,
                "getHexagon": "@@=properties.hex",
                "getFillColor": {
                  "@@function": "colorContinuous",
                  "attr": "metric",
                  "domain": [
                    470,
                    600
                  ],
                  "steps": 50,
                  "colors": "BluYl",
                  "nullColor": [
                    200,
                    250,
                    0
                  ]
                },
                "getFilColor": "@@=[properties.metric*1, properties.metric*0.3, properties.metric*0.1]",
                "getElevation": "@@=properties.metric",
                "elevationScale": 5
              }
            },
            "fused:udfType": "vector_tile",
            "fused:slug": "USGS_snake_river_wyoming_2",
            "fused:name": "USGS_snake_river_wyoming_2",
            "fused:assetUrl": "https://fused-magic.s3.us-west-2.amazonaws.com/thumbnails/udf_cards/rasterio_tiff.png",
            "fused:description": "Read a GeoTIFF image file.\n",
            "fused:userCreatedShareToken": "fsh_3A1T4GQXOX3wgJy4gzt9G4",
            "fused:defaultViewState": {
              "enable": true,
              "latitude": 43.688400750430134,
              "longitude": -110.68907754074826,
              "zoom": 13.43858249788552,
              "pitch": 0,
              "bearing": -63.1
            }
          },
          "source": "USGS_snake_river_wyoming_2.py",
          "headers": []
        }
      }
    ],
    "metadata": null
  }
}