{
  "version": "0.0.3",
  "job_config": {
    "version": "0.0.3",
    "name": null,
    "steps": [
      {
        "type": "udf",
        "udf": {
          "type": "geopandas_v2",
          "name": "Mount_Denali_DEM_Sentinel_3",
          "entrypoint": "udf",
          "parameters": {},
          "metadata": {
            "fused:vizConfig": {
              "tileLayer": {
                "@@type": "TileLayer",
                "minZoom": 0,
                "maxZoom": 19,
                "tileSize": 258,
                "pickable": true
              },
              "hexLayer": {
                "coverage": 1,
                "opacity": 1,
                "@@type": "H3HexagonLayer",
                "stroked": false,
                "filled": true,
                "pickable": true,
                "extruded": true,
                "getHexagon": "@@=properties.hex",
                "getFillColor": "@@=[properties.agg_band1, properties.agg_band2, properties.agg_band3]",
                "getElevation": "@@=properties.metric",
                "elevationScale": 4
              }
            },
            "fused:udfType": "vector_tile",
            "fused:slug": "Mount_Denali_DEM_Sentinel_3",
            "fused:name": "Mount_Denali_DEM_Sentinel_3",
            "fused:id": "6a4e0077-abc6-44d3-9fc9-67bca32ae70b"
          },
          "source": "Mount_Denali_DEM_Sentinel_3.py",
          "headers": [
            {
              "module_name": "utils",
              "source_file": "utils.py"
            }
          ]
        }
      }
    ],
    "metadata": null
  }
}