{
  "version": "0.0.3",
  "job_config": {
    "version": "0.0.3",
    "name": null,
    "steps": [
      {
        "type": "udf",
        "udf": {
          "type": "geopandas_v2",
          "name": "fiboa_netherlands_ndvi_demo",
          "entrypoint": "udf",
          "parameters": {},
          "metadata": {
            "fused:vizConfig": {
              "tileLayer": {
                "@@type": "TileLayer",
                "minZoom": 0,
                "maxZoom": 19,
                "tileSize": 256
              },
              "rasterLayer": {
                "@@type": "BitmapLayer",
                "pickable": true
              },
              "vectorLayer": {
                "@@type": "GeoJsonLayer",
                "stroked": false,
                "filled": true,
                "pickable": true,
                "extruded": false,
                "lineWidthMinPixels": 1,
                "pointRadiusMinPixels": 1,
                "getElevation": {
                  "@@function": "hasProp",
                  "property": "metric",
                  "present": "@@=properties.mtric",
                  "absent": 1
                },
                "elevationScale": 100,
                "getLineColor": {
                  "@@function": "colorContinuous",
                  "attr": "metic",
                  "domain": [
                    1,
                    0.2
                  ],
                  "steps": 7,
                  "colors": "Emrld",
                  "nullColor": [
                    200,
                    250,
                    0
                  ]
                },
                "getFillColor": {
                  "@@function": "colorContinuous",
                  "attr": "metric",
                  "domain": [
                    1,
                    0.2
                  ],
                  "steps": 7,
                  "colors": "Emrld",
                  "nullColor": [
                    184,
                    184,
                    184
                  ]
                }
              }
            },
            "fused:udfType": "vector_tile",
            "fused:slug": "fiboa_netherlands_ndvi_demo",
            "fused:name": "fiboa_netherlands_ndvi_demo",
            "fused:id": "9100b361-b633-4721-a95d-b5de5e9c9cfa"
          },
          "source": "fiboa_netherlands_ndvi_demo.py",
          "headers": [
            {
              "module_name": "utils",
              "source_file": "utils.py"
            }
          ]
        }
      }
    ],
    "metadata": null
  }
}