{
  "version": "0.0.3",
  "job_config": {
    "version": "0.0.3",
    "name": null,
    "steps": [
      {
        "type": "udf",
        "udf": {
          "type": "geopandas_v2",
          "name": "Compute_TWI_hex",
          "entrypoint": "udf",
          "parameters": {},
          "metadata": {
            "fused:defaultParameters": [],
            "fused:datasets": "Digital Elevation Model",
            "fused:vizConfig": {
              "tileLayer": {
                "@@type": "TileLayer",
                "minZoom": 0,
                "maxZoom": 14,
                "tileSize": 256,
                "extrude": true,
                "pickable": true
              },
              "hexLayer": {
                "opacity": 1,
                "@@type": "H3HexagonLayer",
                "stroked": true,
                "filled": true,
                "pickable": true,
                "extruded": true,
                "getHexagon": "@@=properties.hex",
                "getFillColor": {
                  "@@function": "colorContinuous",
                  "attr": "twi_metric",
                  "domain": [
                    15,
                    5
                  ],
                  "colors": "Geyser",
                  "nullColor": [
                    200,
                    250,
                    0
                  ]
                },
                "getFilColor": "@@=[properties.metric*1, properties.metric*0.3, properties.metric*0.1]",
                "getElevation": "@@=properties.elevation",
                "elevationScale": 2
              }
            },
            "fused:udfType": "raster",
            "fused:slug": "Compute_TWI_hex",
            "fused:name": "Compute_TWI_hex",
            "fused:id": "ff5e87bd-4897-4303-804b-8eba5f068f69",
            "fused:defaultViewState": {
              "enable": true,
              "latitude": 38.38568043740128,
              "longitude": -77.48949130413875,
              "zoom": 9.949946744275215,
              "pitch": 0,
              "bearing": 0
            },
            "fused:gitUrl": "https://github.com/fusedio/udfs/tree/0b1bd1037e2ec32a8f09398afdc8d9bbe6994c0b/public/Compute_TWI/",
            "fused:gitShortUrl": "https://github.com/fusedio/udfs/tree/0b1bd10/public/Compute_TWI/",
            "fused:gitPath": "public/Compute_TWI",
            "fused:gitRef": "0b1bd1037e2ec32a8f09398afdc8d9bbe6994c0b",
            "fused:gitAuthorNames": [
              "Taher Chegini",
              null,
              "Plinio Guzman",
              null,
              "Sina Kashuk",
              "Suryashankar Das"
            ],
            "fused:gitAuthorUsernames": [
              "cheginit",
              "fused-io[bot]",
              "pgzmnk",
              "sterfd",
              "kashuk",
              "iamsdas"
            ],
            "fused:gitAuthorUrls": [
              "https://github.com/cheginit",
              "https://github.com/apps/fused-io",
              "https://github.com/pgzmnk",
              "https://github.com/sterfd",
              "https://github.com/kashuk",
              "https://github.com/iamsdas"
            ],
            "fused:gitAuthorAvatarUrls": [
              "https://avatars.githubusercontent.com/u/13016644?v=4",
              "https://avatars.githubusercontent.com/in/834700?v=4",
              "https://avatars.githubusercontent.com/u/27398253?v=4",
              "https://avatars.githubusercontent.com/u/132007843?v=4",
              "https://avatars.githubusercontent.com/u/12432685?v=4",
              "https://avatars.githubusercontent.com/u/26461855?v=4"
            ],
            "fused:gitLastModified": "2025-04-05T14:26:45+00:00",
            "fused:explorerTab": "public",
            "fused:gitRepo": "fusedio/udfs",
            "fused:gitPullRequestBranch": "plinio@fused.io-patch-Introduce-parameters",
            "fused:gitPullRequestLink": "https://github.com/fusedio/udfs/pull/326",
            "fused:assetUrl": "https://fused-magic.s3.us-west-2.amazonaws.com/thumbnails/udfs-staging/Compute_TWI.png",
            "fused:tags": [
              {
                "id": "whitebox",
                "label": "whitebox"
              }
            ],
            "fused:description": "#### Overview\nApply [WhitboxTools](https://www.whiteboxgeo.com/manual/wbt_book/) workflows across the US using the USGS 3D Elevation Program (3DEP) Datasets from the National Map at 30-m resolution as the source for elevation data. WhitboxTools provides a wide range of functionalities for geospatial analysis. This UDF relies on [PyWBT](https://pywbt.readthedocs.io) to run the WhitboxTools.\n\n## Run this in any Jupyter Notebook\n\n```python\nimport fused\n\nudf = fused.load(\"https://github.com/fusedio/udfs/tree/main/public/Compute_TWI\")\narr = fused.run(udf=udf, x=2411, y=3079, z=13)\narr\n```\n"
          },
          "source": "Compute_TWI_hex.py",
          "headers": [
            {
              "module_name": "wbt",
              "source_file": "wbt.py"
            }
          ]
        }
      }
    ],
    "metadata": null
  }
}