{
  "version": "0.0.3",
  "job_config": {
    "version": "0.0.3",
    "name": null,
    "steps": [
      {
        "type": "udf",
        "udf": {
          "type": "geopandas_v2",
          "name": "Join_with_Overture_roads_and_connectors",
          "entrypoint": "udf",
          "parameters": {},
          "metadata": {
            "fused:description": "Read a Parquet or Geoparquet file and join with Overture.\n",
            "fused:vizConfig": {
              "tileLayer": {
                "@@type": "TileLayer",
                "minZoom": 0,
                "maxZoom": 19,
                "tileSize": 256,
                "pickable": true
              },
              "rasterLayer": {
                "@@type": "BitmapLayer",
                "pickable": true
              },
              "vectorLayer": {
                "@@type": "GeoJsonLayer",
                "stroked": true,
                "filled": false,
                "pickable": true,
                "lineWidthMinPixels": 1,
                "pointRadiusMinPixels": 1,
                "getLineColor": {
                  "@@function": "colorContinuous",
                  "attr": "cnt",
                  "domain": [
                    0,
                    15
                  ],
                  "colors": "Sunset",
                  "nullColor": [
                    184,
                    184,
                    184
                  ]
                },
                "getFillColor": [
                  208,
                  208,
                  208,
                  40
                ]
              }
            },
            "fused:udfType": "auto",
            "fused:slug": "Join_with_Overture_roads_and_connectors",
            "fused:name": "Join_with_Overture_roads_and_connectors",
            "fused:id": "80cc7a3e-a0c4-46bd-a1a8-fc013ce7672e",
            "fused:gitUrl": "https://github.com/fusedio/udfs/tree/7f31c671479922dfe977d7a8f6c219124a81e2f2/files/Join_with_Overture/",
            "fused:gitShortUrl": "https://github.com/fusedio/udfs/tree/7f31c67/files/Join_with_Overture/",
            "fused:gitPath": "files/Join_with_Overture",
            "fused:gitRef": "7f31c671479922dfe977d7a8f6c219124a81e2f2",
            "fused:filePreview": true,
            "fused:filePreviewExtensions": [
              "parquet",
              "pq",
              "gpq",
              "geoparquet",
              "json",
              "geojson",
              "zip"
            ],
            "fused:filePreviewMenuOrder": "3",
            "fused:gitAuthorNames": [
              "Plinio Guzman",
              "Sina Kashuk"
            ],
            "fused:gitAuthorUsernames": [
              "pgzmnk",
              "kashuk"
            ],
            "fused:gitAuthorUrls": [
              "https://github.com/pgzmnk",
              "https://github.com/kashuk"
            ],
            "fused:gitAuthorAvatarUrls": [
              "https://avatars.githubusercontent.com/u/27398253?v=4",
              "https://avatars.githubusercontent.com/u/12432685?v=4"
            ],
            "fused:gitLastModified": "2024-09-06T00:39:49+00:00",
            "fused:explorerTab": "public",
            "fused:gitRepo": "fusedio/udfs",
            "fused:assetUrl": "https://fused-magic.s3.us-west-2.amazonaws.com/thumbnails/udf_cards/overture_join.png",
            "fused:explorerPin": "99"
          },
          "source": "Join_with_Overture_roads_and_connectors.py",
          "headers": []
        }
      }
    ],
    "metadata": null
  }
}