{
  "version": "0.0.3",
  "job_config": {
    "version": "0.0.3",
    "name": null,
    "steps": [
      {
        "type": "udf",
        "udf": {
          "type": "geopandas_v2",
          "name": "DuckDB_H3_Example_for_nyc_builidngs",
          "entrypoint": "udf",
          "parameters": {},
          "metadata": {
            "fused:assetUrl": "https://fused-magic.s3.us-west-2.amazonaws.com/thumbnails/udfs-staging/Duckdb_H3_Example.png",
            "fused:tags": [
              {
                "id": "aggregation",
                "label": "aggregation"
              },
              {
                "id": "parquet",
                "label": "parquet"
              },
              {
                "id": "duckdb",
                "label": "duckdb"
              },
              {
                "id": "h3-vector",
                "label": "h3-vector"
              }
            ],
            "fused:description": "## Overview\n\nThis UDF shows how to open NYC yellow taxi trip dataset using DuckDB and aggregate the pickups using [H3-DuckDB](https://github.com/isaacbrodsky/h3-duckdb).\n\n## External links\n\n- [TLC Trip Record Data](https://www.nyc.gov/site/tlc/about/tlc-trip-record-data.page)\n\n## Run this in any Jupyter Notebook\n\n```python\nimport fused\n\nudf = fused.load(\"https://github.com/fusedio/udfs/tree/main/public/DuckDB_H3_Example\")\ngdf = fused.run(udf=udf)\ngdf\n```\n",
            "fused:vizConfig": {
              "tileLayer": {
                "@@type": "TileLayer",
                "minZoom": 0,
                "maxZoom": 19,
                "tileSize": 256,
                "pickable": true
              },
              "rasterLayer": {
                "@@type": "BitmapLayer",
                "pickable": true
              },
              "vectorLayer": {
                "opacity": 5,
                "@@type": "GeoJsonLayer",
                "stroked": false,
                "filled": true,
                "pickable": true,
                "getRadius": 10,
                "getFillColor": "@@=[properties.cnt/3+200, properties.cnt/5+50, properties.cnt/20]"
              }
            },
            "fused:udfType": "auto",
            "fused:slug": "DuckDB_H3_Example_for_nyc_builidngs",
            "fused:name": "DuckDB_H3_Example_for_nyc_builidngs",
            "fused:id": "d0a1c867-55a4-4027-8699-c11f6f55f806",
            "fused:defaultViewState": {
              "enable": true,
              "latitude": 40.746878986881775,
              "longitude": -73.91048113436547,
              "zoom": 9.887562594810294,
              "pitch": 0,
              "bearing": 0
            },
            "fused:gitUrl": "https://github.com/fusedio/udfs/tree/cc2a1be92a96215a100d9844254af6f1d7895e87/public/DuckDB_H3_Example/",
            "fused:gitShortUrl": "https://github.com/fusedio/udfs/tree/cc2a1be/public/DuckDB_H3_Example/",
            "fused:gitPath": "public/DuckDB_H3_Example",
            "fused:gitRef": "cc2a1be92a96215a100d9844254af6f1d7895e87",
            "fused:gitAuthorNames": [
              "Isaac Brodsky",
              "Plinio Guzman",
              null,
              null
            ],
            "fused:gitAuthorUsernames": [
              "isaacbrodsky",
              "pgzmnk",
              "fused-io-staging[bot]",
              "fused-io[bot]"
            ],
            "fused:gitAuthorUrls": [
              "https://github.com/isaacbrodsky",
              "https://github.com/pgzmnk",
              "https://github.com/apps/fused-io-staging",
              "https://github.com/apps/fused-io"
            ],
            "fused:gitAuthorAvatarUrls": [
              "https://avatars.githubusercontent.com/u/9139378?v=4",
              "https://avatars.githubusercontent.com/u/27398253?v=4",
              "https://avatars.githubusercontent.com/in/885821?v=4",
              "https://avatars.githubusercontent.com/in/834700?v=4"
            ],
            "fused:gitLastModified": "2024-09-18T04:21:45+00:00",
            "fused:explorerTab": "public",
            "fused:gitRepo": "fusedio/udfs"
          },
          "source": "DuckDB_H3_Example_for_nyc_builidngs.py",
          "headers": [
            {
              "module_name": "utils",
              "source_file": "utils.py"
            }
          ]
        }
      }
    ],
    "metadata": null
  }
}