{
  "version": "0.0.3",
  "job_config": {
    "version": "0.0.3",
    "name": null,
    "steps": [
      {
        "type": "udf",
        "udf": {
          "type": "geopandas_v2",
          "name": "GeoPandas_File_parks_brooklyn",
          "entrypoint": "udf",
          "parameters": {},
          "metadata": {
            "fused:description": "Read a file with GeoPandas.\n",
            "fused:vizConfig": {
              "tileLayer": {
                "@@type": "TileLayer",
                "minZoom": 0,
                "maxZoom": 19,
                "tileSize": 256,
                "pickable": true
              },
              "rasterLayer": {
                "@@type": "BitmapLayer"
              },
              "vectorLayer": {
                "@@type": "GeoJsonLayer",
                "stroked": true,
                "filled": true,
                "pickable": true,
                "opacity": 0.735,
                "lineWidthMinPixels": 1,
                "getLineColor": {
                  "@@function": "hasProp",
                  "property": "r",
                  "present": "@@=[properties.r, properties.g, properties.b]",
                  "absent": [
                    255,
                    255,
                    0,
                    100
                  ]
                },
                "getFillColor": [
                  255,
                  0,
                  0,
                  50
                ]
              }
            },
            "fused:udfType": "auto",
            "fused:slug": "GeoPandas_File_parks_brooklyn",
            "fused:name": "GeoPandas_File_parks_brooklyn",
            "fused:gitUrl": "https://github.com/fusedio/udfs/tree/669602895e96fe1ec461eaed4a6b90b5484dee84/files/GeoPandas_File/",
            "fused:gitShortUrl": "https://github.com/fusedio/udfs/tree/6696028/files/GeoPandas_File/",
            "fused:gitPath": "files/GeoPandas_File",
            "fused:gitRef": "669602895e96fe1ec461eaed4a6b90b5484dee84",
            "fused:assetUrl": "https://fused-magic.s3.us-west-2.amazonaws.com/thumbnails/udf_cards/gpd_shp.png",
            "fused:filePreview": true,
            "fused:filePreviewExtensions": [
              "geojson",
              "json",
              "shp",
              "gpkg"
            ],
            "fused:filePreviewMenuOrder": "1",
            "fused:gitAuthorNames": [
              "Isaac Brodsky",
              "Plinio Guzman"
            ],
            "fused:gitAuthorUsernames": [
              "isaacbrodsky",
              "pgzmnk"
            ],
            "fused:gitAuthorUrls": [
              "https://github.com/isaacbrodsky",
              "https://github.com/pgzmnk"
            ],
            "fused:gitAuthorAvatarUrls": [
              "https://avatars.githubusercontent.com/u/9139378?v=4",
              "https://avatars.githubusercontent.com/u/27398253?v=4"
            ],
            "fused:gitLastModified": "2024-10-24T17:26:12+00:00",
            "fused:gitRepo": "fusedio/udfs"
          },
          "source": "GeoPandas_File_parks_brooklyn.py",
          "headers": []
        }
      }
    ],
    "metadata": null
  }
}