{
  "version": "0.0.3",
  "job_config": {
    "version": "0.0.3",
    "name": null,
    "steps": [
      {
        "type": "udf",
        "udf": {
          "type": "geopandas_v2",
          "name": "CDL_from_source_coop",
          "entrypoint": "udf",
          "parameters": {},
          "metadata": {
            "fused:vizConfig": {
              "tileLayer": {
                "@@type": "TileLayer",
                "minZoom": 0,
                "maxZoom": 19,
                "tileSize": 256
              },
              "hexLayer": {
                "@@type": "H3HexagonLayer",
                "stroked": false,
                "filled": true,
                "pickable": true,
                "extruded": false,
                "opacity": 0.5,
                "coverage": 0.9,
                "lineWidthMinPixels": 1,
                "getHexagon": "@@=properties.hex",
                "getFillColor": {
                  "@@function": "colorContinuous",
                  "attr": "area",
                  "domain": [
                    0,
                    100000
                  ],
                  "steps": 20,
                  "colors": "RedOr",
                  "nullColor": [
                    184,
                    184,
                    184
                  ]
                },
                "getElevation": {
                  "@@function": "hasProp",
                  "property": "value",
                  "present": "@@=properties.value",
                  "absent": 1
                },
                "elevationScale": 10
              }
            },
            "fused:udfType": "auto",
            "fused:slug": "CDL_from_source_coop",
            "fused:name": "CDL_from_source_coop",
            "fused:gitHistory": [
              {
                "fused:vizConfig": {
                  "tileLayer": {
                    "@@type": "TileLayer",
                    "minZoom": 0,
                    "maxZoom": 19,
                    "tileSize": 256
                  },
                  "hexLayer": {
                    "@@type": "H3HexagonLayer",
                    "stroked": false,
                    "filled": true,
                    "pickable": true,
                    "extruded": false,
                    "opacity": 1,
                    "coverage": 0.9,
                    "lineWidthMinPixels": 1,
                    "getHexagon": "@@=properties.hex",
                    "getLineColor": {
                      "@@function": "colorContinuous",
                      "attr": "cnt",
                      "domain": [
                        0,
                        10000000
                      ],
                      "steps": 20,
                      "colors": "DarkMint",
                      "nullColor": [
                        184,
                        184,
                        184
                      ]
                    },
                    "getFillColor": {
                      "@@function": "colorContinuous",
                      "attr": "cnt",
                      "domain": [
                        0,
                        100000
                      ],
                      "steps": 20,
                      "colors": "RedOr",
                      "nullColor": [
                        184,
                        184,
                        184
                      ]
                    },
                    "getElevation": {
                      "@@function": "hasProp",
                      "property": "value",
                      "present": "@@=properties.value",
                      "absent": 1
                    },
                    "elevationScale": 10
                  }
                },
                "fused:udfType": "auto",
                "fused:slug": "viz_hex_file_one_udf_call",
                "fused:name": "viz_hex_file_one_udf_call",
                "fused:id": "2bdeed12-fad8-4db3-9c75-abd6224ef858"
              },
              {
                "fused:vizConfig": {
                  "tileLayer": {
                    "@@type": "TileLayer",
                    "minZoom": 0,
                    "maxZoom": 19,
                    "tileSize": 256
                  },
                  "hexLayer": {
                    "@@type": "H3HexagonLayer",
                    "stroked": false,
                    "filled": true,
                    "pickable": true,
                    "extruded": false,
                    "opacity": 1,
                    "coverage": 0.9,
                    "lineWidthMinPixels": 1,
                    "getHexagon": "@@=properties.hex",
                    "getLineColor": {
                      "@@function": "colorContinuous",
                      "attr": "cnt",
                      "domain": [
                        0,
                        10000000
                      ],
                      "steps": 20,
                      "colors": "DarkMint",
                      "nullColor": [
                        184,
                        184,
                        184
                      ]
                    },
                    "getFillColor": {
                      "@@function": "colorContinuous",
                      "attr": "cnt",
                      "domain": [
                        0,
                        100000
                      ],
                      "steps": 20,
                      "colors": "RedOr",
                      "nullColor": [
                        184,
                        184,
                        184
                      ]
                    },
                    "getElevation": {
                      "@@function": "hasProp",
                      "property": "value",
                      "present": "@@=properties.value",
                      "absent": 1
                    },
                    "elevationScale": 10
                  }
                },
                "fused:udfType": "auto",
                "fused:slug": "cdl_from_source_coop",
                "fused:name": "cdl_from_source_coop",
                "fused:id": "2bdeed12-fad8-4db3-9c75-abd6224ef858",
                "fused:gitRepo": "fusedlabs/fusedudfs",
                "fused:gitRef": "6faa8bbd3efba38a877f3e6908bc83138cfe53e1",
                "fused:gitUrl": "https://github.com/fusedlabs/fusedudfs/tree/6faa8bbd3efba38a877f3e6908bc83138cfe53e1/cdl_from_source_coop/",
                "fused:gitShortUrl": "https://github.com/fusedlabs/fusedudfs/tree/6faa8bb/cdl_from_source_coop/",
                "fused:gitPath": "cdl_from_source_coop",
                "fused:gitLastModified": "2025-04-30T12:41:27.403Z",
                "fused:gitHistory": [
                  {
                    "fused:vizConfig": {
                      "tileLayer": {
                        "@@type": "TileLayer",
                        "minZoom": 0,
                        "maxZoom": 19,
                        "tileSize": 256
                      },
                      "hexLayer": {
                        "@@type": "H3HexagonLayer",
                        "stroked": false,
                        "filled": true,
                        "pickable": true,
                        "extruded": false,
                        "opacity": 1,
                        "coverage": 0.9,
                        "lineWidthMinPixels": 1,
                        "getHexagon": "@@=properties.hex",
                        "getLineColor": {
                          "@@function": "colorContinuous",
                          "attr": "cnt",
                          "domain": [
                            0,
                            10000000
                          ],
                          "steps": 20,
                          "colors": "DarkMint",
                          "nullColor": [
                            184,
                            184,
                            184
                          ]
                        },
                        "getFillColor": {
                          "@@function": "colorContinuous",
                          "attr": "cnt",
                          "domain": [
                            0,
                            100000
                          ],
                          "steps": 20,
                          "colors": "RedOr",
                          "nullColor": [
                            184,
                            184,
                            184
                          ]
                        },
                        "getElevation": {
                          "@@function": "hasProp",
                          "property": "value",
                          "present": "@@=properties.value",
                          "absent": 1
                        },
                        "elevationScale": 10
                      }
                    },
                    "fused:udfType": "auto",
                    "fused:slug": "viz_hex_file_one_udf_call",
                    "fused:name": "viz_hex_file_one_udf_call",
                    "fused:id": "2bdeed12-fad8-4db3-9c75-abd6224ef858"
                  }
                ],
                "fused:gitPullRequestBranch": "max-patch-6015bc-CDL-from-source-coop",
                "fused:gitPullRequestLink": "https://github.com/fusedlabs/fusedudfs/pull/783"
              }
            ],
            "fused:gitUrl": "https://github.com/fusedio/udfs/tree/c3ab13da25a14076f732d883b1e2e847ab2f80ad/public/cdl_from_source_coop/",
            "fused:gitShortUrl": "https://github.com/fusedio/udfs/tree/c3ab13d/public/cdl_from_source_coop/",
            "fused:gitPath": "public/cdl_from_source_coop",
            "fused:gitRef": "c3ab13da25a14076f732d883b1e2e847ab2f80ad",
            "fused:assetUrl": null,
            "fused:description": "## Overview\n\nExplore the Crop Data Layer data in hex form\n\nData available on [Source Coop](https://source.coop/repositories/fused/hex/description).\n",
            "fused:gitAuthorNames": [
              "Maxime Lenormand",
              "Sina Kashuk"
            ],
            "fused:gitAuthorUsernames": [
              "MaxLenormand",
              "kashuk"
            ],
            "fused:gitAuthorUrls": [
              "https://github.com/MaxLenormand",
              "https://github.com/kashuk"
            ],
            "fused:gitAuthorAvatarUrls": [
              "https://avatars.githubusercontent.com/u/44133329?v=4",
              "https://avatars.githubusercontent.com/u/12432685?v=4"
            ],
            "fused:gitLastModified": "2025-05-08T00:31:27+00:00",
            "fused:explorerTab": "self",
            "fused:gitRepo": "fusedio/udfs"
          },
          "source": "CDL_from_source_coop.py",
          "headers": []
        }
      }
    ],
    "metadata": null
  }
}