{
  "version": "0.0.3",
  "job_config": {
    "version": "0.0.3",
    "name": null,
    "steps": [
      {
        "type": "udf",
        "udf": {
          "type": "geopandas_v2",
          "name": "dem_h3_usgs_grid_disk",
          "entrypoint": "udf",
          "parameters": {},
          "metadata": {
            "fused:vizConfig": {
              "tileLayer": {
                "@@type": "TileLayer",
                "minZoom": 0,
                "maxZoom": 14,
                "tileSize": 256,
                "extrude": true,
                "pickable": true
              },
              "hexLayer": {
                "opacity": 1,
                "coverage": 1,
                "@@type": "H3HexagonLayer",
                "stroked": false,
                "filled": true,
                "pickable": true,
                "extruded": true,
                "getHexagon": "@@=properties.hex",
                "getFllColor": [
                  255,
                  255,
                  255
                ],
                "getFillColor": {
                  "@@function": "colorContinuous",
                  "attr": "metric",
                  "domain": [
                    122,
                    500
                  ],
                  "steps": 50,
                  "colors": "Emrld",
                  "nullColor": [
                    0,
                    0,
                    255
                  ]
                },
                "getFilColor": "@@=[properties.metric*1, properties.metric*0.3, properties.metric*0.1]",
                "getElevation": "@@=properties.metric",
                "elevationScale": 2
              }
            },
            "fused:udfType": "vector_tile",
            "fused:slug": "dem_h3_usgs_grid_disk",
            "fused:name": "dem_h3_usgs_grid_disk"
          },
          "source": "dem_h3_usgs_grid_disk.py",
          "headers": []
        }
      }
    ],
    "metadata": null
  }
}