{
  "version": "0.0.3",
  "job_config": {
    "version": "0.0.3",
    "name": null,
    "steps": [
      {
        "type": "udf",
        "udf": {
          "type": "geopandas_v2",
          "name": "Get_Isochrone_copy",
          "entrypoint": "udf",
          "parameters": {},
          "metadata": {
            "fused:vizConfig": {
              "tileLayer": {
                "@@type": "TileLayer",
                "minZoom": 0,
                "maxZoom": 19,
                "tileSize": 256,
                "pickable": true
              },
              "rasterLayer": {
                "@@type": "BitmapLayer"
              },
              "vectorLayer": {
                "@@type": "GeoJsonLayer",
                "stroked": true,
                "filled": true,
                "pickable": true,
                "lineWidthMinPixels": 1,
                "getLineColor": {
                  "@@function": "hasProp",
                  "property": "r",
                  "present": "@@=[properties.r, properties.g, properties.b]",
                  "absent": [
                    255,
                    255,
                    0,
                    100
                  ]
                },
                "getFillColor": [
                  255,
                  0,
                  0,
                  50
                ]
              }
            },
            "fused:udfType": "vector_single",
            "fused:slug": "Get_Isochrone_copy",
            "fused:name": "Get_Isochrone_copy",
            "fused:assetUrl": "https://fused-magic.s3.us-west-2.amazonaws.com/thumbnails/udfs-staging/Get_Isochrone.png",
            "fused:defaultParameters": [
              {
                "parameter": "costing",
                "value": "[\"auto\", \"pedestrian\", \"bicycle\", \"truck\", \"bus\", \"motor_scooter\"]",
                "suggestedValues": [
                  "auto",
                  "bicycle",
                  "truck",
                  "motor_scooter",
                  "pedestrian",
                  "bus"
                ]
              }
            ],
            "fused:tags": [
              {
                "id": "vector",
                "label": "vector"
              },
              {
                "id": "osm",
                "label": "osm"
              },
              {
                "id": "tutorial",
                "label": "tutorial"
              }
            ],
            "fused:description": "# Overview\n\nThis UDF is using Valhalla API to create an isochrone. Valhalla, an open-source routing engine, and its accompanying libraries are designed for OpenStreetMap data, offering features such as time+distance matrix computation, isochrones, elevation sampling, map matching, and tour optimization (Travelling Salesman).\n\n# External links\n\n- [Valhalla Github repo](https://github.com/valhalla/valhalla)\n\n## Run this in any Jupyter Notebook\n\n```python\nimport fused\n\nudf = fused.load(\"https://github.com/fusedio/udfs/tree/main/public/Get_Isochrone\")\ngdf = fused.run(udf=udf)\ngdf\n```\n",
            "fused:defaultViewState": {
              "enable": false,
              "latitude": 40.80720563114003,
              "longitude": -73.84687500006956,
              "zoom": 8.74116447522721,
              "pitch": 0,
              "bearing": 0
            },
            "fused:gitUrl": "https://github.com/fusedio/udfs/tree/89b2f4994f17015408eae2440d35543d6ebc8b8c/public/Get_Isochrone/",
            "fused:gitShortUrl": "https://github.com/fusedio/udfs/tree/89b2f49/public/Get_Isochrone/",
            "fused:gitPath": "public/Get_Isochrone",
            "fused:gitRef": "89b2f4994f17015408eae2440d35543d6ebc8b8c",
            "fused:gitAuthorNames": [
              "Sina Kashuk",
              "Tyler Erickson",
              "Plinio Guzman",
              null
            ],
            "fused:gitAuthorUsernames": [
              "kashuk",
              "tylere",
              "pgzmnk",
              "ncray"
            ],
            "fused:gitAuthorUrls": [
              "https://github.com/kashuk",
              "https://github.com/tylere",
              "https://github.com/pgzmnk",
              "https://github.com/ncray"
            ],
            "fused:gitAuthorAvatarUrls": [
              "https://avatars.githubusercontent.com/u/12432685?v=4",
              "https://avatars.githubusercontent.com/u/92862?v=4",
              "https://avatars.githubusercontent.com/u/27398253?v=4",
              "https://avatars.githubusercontent.com/u/322031?v=4"
            ],
            "fused:gitLastModified": "2024-05-20T16:24:36+00:00",
            "fused:explorerTab": "public",
            "fused:gitRepo": "fusedio/udfs"
          },
          "source": "Get_Isochrone_copy.py",
          "headers": [
            {
              "module_name": "utils",
              "source_file": "utils.py"
            }
          ]
        }
      }
    ],
    "metadata": null
  }
}