{
  "version": "0.0.3",
  "job_config": {
    "version": "0.0.3",
    "name": null,
    "steps": [
      {
        "type": "udf",
        "udf": {
          "type": "geopandas_v2",
          "name": "c_and_o_access_points_kontur_isochrones",
          "entrypoint": "udf",
          "parameters": {},
          "metadata": {
            "fused:vizConfig": {
              "tileLayer": {
                "@@type": "TileLayer",
                "minZoom": 0,
                "maxZoom": 19,
                "tileSize": 256,
                "pickable": true
              },
              "rasterLayer": {
                "@@type": "BitmapLayer"
              },
              "hexLayer": {
                "@@type": "H3HexagonLayer",
                "getHexagon": "@@=properties.hex",
                "stroked": false,
                "filled": true,
                "pickable": true,
                "extruded": true,
                "coverage": 1,
                "opacity": 1,
                "lineWidthMinPixels": 1,
                "pointRadiusMinPixels": 1,
                "getElevation": {
                  "@@function": "hasProp",
                  "property": "pop",
                  "present": "@@=properties.pop",
                  "absent": 1
                },
                "elevationScale": 1.5,
                "getLineColor": {
                  "@@function": "hasProp",
                  "property": "r",
                  "present": "@@=[properties.r, properties.g, properties.b, 10]",
                  "absent": [
                    200,
                    250,
                    0
                  ]
                },
                "getFillColor": {
                  "@@function": "hasProp",
                  "property": "r",
                  "present": "@@=[properties.r, properties.g, properties.b, 220]",
                  "absent": [
                    255,
                    0,
                    255,
                    128
                  ]
                }
              }
            },
            "fused:udfType": "vector_single",
            "fused:slug": "c_and_o_access_points_kontur_isochrones",
            "fused:name": "c_and_o_access_points_kontur_isochrones",
            "fused:id": "6f2d237d-b6e7-47aa-b320-8ea72e847867"
          },
          "source": "c_and_o_access_points_kontur_isochrones.py",
          "headers": [
            {
              "module_name": "utils",
              "source_file": "utils.py"
            }
          ]
        }
      }
    ],
    "metadata": null
  }
}