{
  "version": "0.0.3",
  "job_config": {
    "version": "0.0.3",
    "name": null,
    "steps": [
      {
        "type": "udf",
        "udf": {
          "type": "geopandas_v2",
          "name": "netherlands_field_boundary_ref_duckdb",
          "entrypoint": "udf",
          "parameters": {},
          "metadata": {
            "fused:vizConfig": {
              "tileLayer": {
                "@@type": "TileLayer",
                "minZoom": 0,
                "maxZoom": 19,
                "tileSize": 256
              },
              "rasterLayer": {
                "@@type": "BitmapLayer",
                "pickable": true
              },
              "vectorLayer": {
                "@@type": "GeoJsonLayer",
                "stroked": true,
                "filled": false,
                "pickable": true,
                "lineWidthMinPixels": 0.43,
                "pointRadiusMinPixels": 1,
                "getLineColor": [
                  180,
                  200,
                  255
                ],
                "getFillColor": [
                  208,
                  208,
                  208,
                  40
                ]
              }
            },
            "fused:udfType": "auto",
            "fused:slug": "netherlands_field_boundary_ref_duckdb",
            "fused:name": "netherlands_field_boundary_ref_duckdb"
          },
          "source": "netherlands_field_boundary_ref_duckdb.py",
          "headers": []
        }
      }
    ],
    "metadata": null
  }
}