{
  "version": "0.0.3",
  "job_config": {
    "version": "0.0.3",
    "name": null,
    "steps": [
      {
        "type": "udf",
        "udf": {
          "type": "geopandas_v2",
          "name": "Landsat_Tile_Example_utfvi_h3",
          "entrypoint": "udf",
          "parameters": {},
          "metadata": {
            "fused:vizConfig": {
              "tileLayer": {
                "@@type": "TileLayer",
                "minZoom": 0,
                "maxZoom": 14,
                "tileSize": 256,
                "extrude": true,
                "pickable": true
              },
              "hexLayer": {
                "opacity": 4,
                "coverage": 1,
                "@@type": "H3HexagonLayer",
                "stroked": false,
                "filled": true,
                "pickable": true,
                "extruded": false,
                "getHexagon": "@@=properties.hex",
                "getFillColor": {
                  "@@function": "colorContinuous",
                  "attr": "metric",
                  "domain": [
                    45,
                    50
                  ],
                  "steps": 20,
                  "colors": "Geyser",
                  "nullColor": [
                    200,
                    250,
                    0
                  ]
                },
                "getFilColor": "@@=[properties.metric*1, properties.metric*0.3, properties.metric*0.1]",
                "getlevation": "@@=properties.metric",
                "elevationScale": 20
              }
            },
            "fused:udfType": "vector_tile",
            "fused:slug": "Landsat_Tile_Example_utfvi_h3",
            "fused:name": "Landsat_Tile_Example_utfvi_h3",
            "fused:defaultParameters": [],
            "fused:gitPath": "public/Landsat_Tile_Example",
            "fused:gitRef": "782100c20edb84363bae2f24d59f9e67173df33a",
            "fused:gitAuthorNames": [
              "Mehran Ghandehari",
              "Plinio Guzman",
              "Isaac Brodsky",
              "Suryashankar Das"
            ],
            "fused:gitAuthorUsernames": [
              "mehran66",
              "pgzmnk",
              "isaacbrodsky",
              "iamsdas"
            ],
            "fused:gitAuthorUrls": [
              "https://github.com/mehran66",
              "https://github.com/pgzmnk",
              "https://github.com/isaacbrodsky",
              "https://github.com/iamsdas"
            ],
            "fused:gitAuthorAvatarUrls": [
              "https://avatars.githubusercontent.com/u/10367311?v=4",
              "https://avatars.githubusercontent.com/u/27398253?v=4",
              "https://avatars.githubusercontent.com/u/9139378?v=4",
              "https://avatars.githubusercontent.com/u/26461855?v=4"
            ],
            "fused:gitLastModified": "2025-05-19T08:22:12+00:00",
            "fused:explorerTab": "self",
            "fused:gitRepo": "fusedio/udfs",
            "fused:assetUrl": "https://fused-magic.s3.us-west-2.amazonaws.com/thumbnails/udfs-staging/Landsat_Tile_Example.png",
            "fused:tags": [
              {
                "id": "band-algebra",
                "label": "band-algebra"
              },
              {
                "id": "s3",
                "label": "s3"
              },
              {
                "id": "element84",
                "label": "element84"
              },
              {
                "id": "remove-clouds",
                "label": "remove-clouds"
              },
              {
                "id": "stac",
                "label": "stac"
              }
            ],
            "fused:description": "## Overview\n\nLandsat Collection 2 offers global Level-2 surface reflectance and temperature products. These are generated from Collection 2 Level-1 inputs meeting specific criteria, including a Solar Zenith Angle constraint of <76 degrees and required auxiliary data inputs.\n\n## External links\n\n- [Landsat Official Website](https://www.usgs.gov/landsat-missions/landsat-collection-2-level-2-science-products)\n\n## Run this in any Jupyter Notebook\n\n```python\nimport fused\n\nudf = fused.load(\"https://github.com/fusedio/udfs/tree/main/public/LULC_Tile_Example\")\narr = fused.run(udf=udf, x=5241, y=12667, z=15)\narr\n```\n",
            "fused:explorerPin": "8"
          },
          "source": "Landsat_Tile_Example_utfvi_h3.py",
          "headers": [
            {
              "module_name": "utils",
              "source_file": "utils.py"
            }
          ]
        }
      }
    ],
    "metadata": null
  }
}