{
  "version": "0.0.3",
  "job_config": {
    "version": "0.0.3",
    "name": null,
    "steps": [
      {
        "type": "udf",
        "udf": {
          "type": "geopandas_v2",
          "name": "Overture_Maps_Example_countries_for_zarr_static_goes_",
          "entrypoint": "udf",
          "parameters": {},
          "metadata": {
            "fused:defaultParameters": [
              {
                "parameter": "release",
                "value": "",
                "type": "string",
                "suggestedValues": [
                  "2024-08-20-0",
                  "2024-09-18-0",
                  "2024-10-23-0",
                  "2024-11-13-0",
                  "2024-12-18-0",
                  "2025-01-22-0",
                  "2025-03-19-1",
                  "2025-04-23-0",
                  "2025-05-21-0",
                  "2025-06-25-0"
                ]
              },
              {
                "parameter": "theme",
                "value": "",
                "type": "string",
                "suggestedValues": [
                  "buildings",
                  "base",
                  "places",
                  "transportation",
                  "addresses",
                  "divisions"
                ]
              },
              {
                "parameter": "overture_type",
                "value": "",
                "type": "string",
                "suggestedValues": [
                  "land_use",
                  "water",
                  "place",
                  "connector",
                  "segment",
                  "building",
                  "address",
                  "infrastructure",
                  "land",
                  "division",
                  "division_area",
                  "division_boundary",
                  "land_cover",
                  "bathymetry"
                ]
              },
              {
                "parameter": "use_columns",
                "value": [],
                "type": "array",
                "suggestedValues": [
                  "geometry",
                  "id",
                  "names",
                  "sources",
                  "update_time",
                  "categories"
                ]
              }
            ],
            "fused:vizConfig": {
              "tileLayer": {
                "@@type": "TileLayer",
                "minZoom": 0,
                "maxZoom": 19,
                "tileSize": 256,
                "pickable": true
              },
              "rasterLayer": {
                "@@type": "BitmapLayer"
              },
              "vectorLayer": {
                "@@type": "GeoJsonLayer",
                "stroked": true,
                "filled": false,
                "pickable": true,
                "lineWidthMinPixels": 1,
                "getLineColor": {
                  "@@function": "hasProp",
                  "property": "r",
                  "present": "@@=[properties.r, properties.g, properties.b]",
                  "absent": [
                    200,
                    250,
                    0,
                    100
                  ]
                },
                "getFllColor": [
                  255,
                  0,
                  0,
                  40
                ]
              }
            },
            "fused:udfType": "vector_tile",
            "fused:slug": "Overture_Maps_Example_countries_for_zarr_static_goes_",
            "fused:name": "Overture_Maps_Example_countries_for_zarr_static_goes_",
            "fused:defaultViewState": {
              "enable": false,
              "latitude": 51.50786698991621,
              "longitude": -0.10589130924052784,
              "zoom": 13.935948485009598,
              "pitch": 0,
              "bearing": 0
            },
            "fused:assetUrl": "https://fused-magic.s3.us-west-2.amazonaws.com/thumbnails/udfs-staging/Overture_Map_Example2.png",
            "fused:tags": [
              {
                "id": "overture",
                "label": "overture"
              },
              {
                "id": "coop",
                "label": "coop"
              }
            ],
            "fused:description": "Buildings footprints, places of interest (POIs), admin boundaries, and transportation globally from [Overture Maps](https://overturemaps.org/).\n\n## Parameters\n\n- `release`: Overture release ID. Defaults to `2024-12-18-0`. Note that `.` should be replaced with `-` in the ID.\n- `type`: One of `infrastructure`, `land`, `land_use`, `water`, `division`, `division_boundary`, `division_area`, `place`, `connector`, `segment`, `address`, `building` (default).\n- `theme`: One of `buildings`, `base`, `places`, `transportation`, `divisions`, `addresses`. If not specified, this will be inferred from the type.\n- `use_columns`: Load only these columns if specified. Default is to load all columns.\n\n## Run this in any Jupyter Notebook\n\n```python\nimport fused\nimport geopandas as gpd\n\nudf = fused.load(\"https://github.com/fusedio/udfs/tree/main/public/Overture_Maps_Example\")\ngdf_output = fused.run(udf, x=2622, y=6333, z=14)\ngdf = gpd.GeoDataFrame(gdf_output, geometry='geometry', crs='epsg:4326')\ngdf.plot()\n```\n",
            "fused:explorerPin": "1",
            "fused:explorerTab": "self",
            "fused:id": "74a040dc-8f4d-4c06-9f3c-005d475c559f"
          },
          "source": "Overture_Maps_Example_countries_for_zarr_static_goes_.py",
          "headers": []
        }
      }
    ],
    "metadata": null
  }
}