{
  "version": "0.0.3",
  "job_config": {
    "version": "0.0.3",
    "name": null,
    "steps": [
      {
        "type": "udf",
        "udf": {
          "type": "geopandas_v2",
          "name": "Overture_Maps_Example",
          "entrypoint": "udf",
          "parameters": {},
          "metadata": {
            "fused:assetUrl": "https://fused-magic.s3.us-west-2.amazonaws.com/thumbnails/udfs-staging/Overture_Map_Example2.png",
            "fused:defaultParameters": [
              {
                "parameter": "release",
                "value": "",
                "type": "string",
                "suggestedValues": [
                  "2024-03-12-alpha-0",
                  "2024-02-15-alpha-0"
                ]
              },
              {
                "parameter": "theme",
                "value": "",
                "type": "string",
                "suggestedValues": [
                  "buildings",
                  "base",
                  "places",
                  "transportation",
                  "admins"
                ]
              },
              {
                "parameter": "overture_type",
                "value": "",
                "type": "string",
                "suggestedValues": [
                  "land_use",
                  "water",
                  "administrative_boundary",
                  "place",
                  "connector",
                  "segment",
                  "building"
                ]
              },
              {
                "parameter": "use_columns",
                "value": [],
                "type": "array",
                "suggestedValues": [
                  "geometry",
                  "id",
                  "names",
                  "sources",
                  "update_time",
                  "categories"
                ]
              }
            ],
            "fused:tags": [
              {
                "id": "Overture",
                "label": "Overture"
              },
              {
                "id": "CooP",
                "label": "CooP"
              }
            ],
            "fused:description": "Buildings footprints, places of interest (POIs), admin boundaries, and transportation globally from [Overture Maps](https://overturemaps.org/).\n\n## Parameters\n\n- `release`: Overture release ID. Defaults to `2024-03-12-alpha-0`. Note that `.` should be replaced with `-` in the ID.\n- `type`: One of `land_use`, `water`, `administrative_boundary`, `place`, `connector`, `segment`, `building` (default).\n- `theme`: One of `buildings`, `base`, `places`, `transportation`, `admins`. If not specified, this will be inferred from the type.\n- `use_columns`: Load only these columns if specified. Default is to load all columns.\n\n## Run this in any Jupyter Notebook\n\n```python\nimport fused\nimport geopandas as gpd\n\nudf = fused.load(\"https://github.com/fusedio/udfs/tree/main/public/Overture_Maps_Example\")\ngdf_output = fused.run(udf, x=2622, y=6333, z=14)\ngdf = gpd.GeoDataFrame(gdf_output, geometry='geometry', crs='epsg:4326')\ngdf.plot()\n```\n",
            "fused:vizConfig": {
              "tileLayer": {
                "@@type": "TileLayer",
                "minZoom": 0,
                "maxZoom": 19,
                "tileSize": 256,
                "pickable": true
              },
              "rasterLayer": {
                "@@type": "BitmapLayer",
                "pickable": true
              },
              "vectorLayer": {
                "@@type": "GeoJsonLayer",
                "stroked": true,
                "filled": true,
                "pickable": true,
                "lineWidthMinPixels": 1,
                "pointRadiusMinPixels": 0.1,
                "getFillColor": {
                  "@@function": "colorContinuous",
                  "attr": "height",
                  "domain": [
                    0,
                    10
                  ],
                  "colors": "Pastel",
                  "nullColor": [
                    184,
                    184,
                    184
                  ]
                },
                "getLineColor": {
                  "@@function": "colorContinuous",
                  "attr": "class",
                  "domain": [
                    0,
                    10
                  ],
                  "colors": "Vivid",
                  "nullColor": [
                    184,
                    184,
                    184
                  ]
                },
                "getElevation": "@@=properties.height*1",
                "elevationScale": 4
              }
            },
            "fused:udfType": "vector_tile",
            "fused:slug": "Overture_Maps_Example",
            "fused:name": "Overture_Maps_Example",
            "fused:defaultViewState": {
              "enable": true,
              "latitude": 51.50786698991621,
              "longitude": -0.10589130924052784,
              "zoom": 13.935948485009598,
              "pitch": 0,
              "bearing": 0
            },
            "fused:gitUrl": "https://github.com/fusedio/udfs/tree/a0092acfef6accedc87893b1b09db28accdbf062/public/Overture_Maps_Example/",
            "fused:gitPath": "public/Overture_Maps_Example",
            "fused:gitRef": "a0092acfef6accedc87893b1b09db28accdbf062",
            "fused:gitAuthorNames": [
              "Isaac Brodsky",
              "Plinio Guzman",
              "Sina Kashuk",
              "Fabion Kauker"
            ],
            "fused:gitAuthorUsernames": [
              "isaacbrodsky",
              "pgzmnk",
              "kashuk",
              "fhk"
            ],
            "fused:gitAuthorUrls": [
              "https://github.com/isaacbrodsky",
              "https://github.com/pgzmnk",
              "https://github.com/kashuk",
              "https://github.com/fhk"
            ],
            "fused:gitAuthorAvatarUrls": [
              "https://avatars.githubusercontent.com/u/9139378?v=4",
              "https://avatars.githubusercontent.com/u/27398253?v=4",
              "https://avatars.githubusercontent.com/u/12432685?v=4",
              "https://avatars.githubusercontent.com/u/4031392?v=4"
            ],
            "fused:gitShortUrl": "https://github.com/fusedio/udfs/tree/a0092ac/public/Overture_Maps_Example/",
            "fused:gitLastModified": "2024-08-16T00:38:41+00:00",
            "fused:explorerTab": "public",
            "fused:gitRepo": "fusedio/udfs",
            "fused:sharedToken": "UDF_Overture_Maps_Example"
          },
          "source": "Overture_Maps_Example.py",
          "headers": []
        }
      }
    ],
    "metadata": null
  }
}