{
  "version": "0.0.3",
  "job_config": {
    "version": "0.0.3",
    "name": null,
    "steps": [
      {
        "type": "udf",
        "udf": {
          "type": "geopandas_v2",
          "name": "walking_segments_tile_buffer_h3_2",
          "entrypoint": "udf",
          "parameters": {},
          "metadata": {
            "fused:vizConfig": {
              "tileLayer": {
                "@@type": "TileLayer",
                "minZoom": 0,
                "maxZoom": 19,
                "tileSize": 256
              },
              "rasterLayer": {
                "@@type": "BitmapLayer",
                "pickable": true
              },
              "hexLayer": {
                "@@type": "H3HexagonLayer",
                "getHexagon": "@@=properties.hex",
                "opacity": 1,
                "coverage": 1,
                "stroked": false,
                "filled": true,
                "pickable": true,
                "extruded": true,
                "lineWidthMinPixels": 5,
                "pointRadiusMinPixels": 1,
                "getElevation": "@@=properties.cnt",
                "elevationScale": 10,
                "getFillColor": {
                  "@@function": "colorContinuous",
                  "attr": "cnt",
                  "domain": [
                    0,
                    50
                  ],
                  "colors": "OrYel",
                  "nullColor": [
                    200,
                    250,
                    0
                  ]
                },
                "getFilColor": [
                  200,
                  250,
                  0,
                  100
                ]
              }
            },
            "fused:udfType": "vector_tile",
            "fused:slug": "walking_segments_tile_buffer_h3_2",
            "fused:name": "walking_segments_tile_buffer_h3_2",
            "collectionMeta": {
              "walking_network": {
                "position": 6
              }
            }
          },
          "source": "walking_segments_tile_buffer_h3_2.py",
          "headers": []
        }
      }
    ],
    "metadata": null
  }
}