{
  "version": "0.0.3",
  "job_config": {
    "version": "0.0.3",
    "name": null,
    "steps": [
      {
        "type": "udf",
        "udf": {
          "type": "geopandas_v2",
          "name": "power_plant_h3_zoom",
          "entrypoint": "udf",
          "parameters": {},
          "metadata": {
            "fused:defaultViewState": {
              "enable": true,
              "latitude": 26.12280505765206,
              "longitude": 11.906843757079194,
              "zoom": 0.9227104086420859,
              "pitch": 0,
              "bearing": 0
            },
            "fused:vizConfig": {
              "tileLayer": {
                "@@type": "TileLayer",
                "minZoom": 0,
                "maxZoom": 19,
                "tileSize": 256,
                "pickable": true
              },
              "rasterLayer": {
                "@@type": "BitmapLayer",
                "pickable": true
              },
              "vectorLayer": {
                "@@type": "H3HexagonLayer",
                "stroked": false,
                "extruded": false,
                "filled": true,
                "pickable": true,
                "opacity": 0.8,
                "getHexagon": "@@=properties.cell_id",
                "lineWidthMinPixels": 1,
                "pointRadiusMinPixels": 1,
                "getFillColor": {
                  "@@function": "hasProp",
                  "property": "r",
                  "present": "@@=[properties.r, properties.g, properties.b, 128]",
                  "absent": [
                    255,
                    0,
                    255,
                    128
                  ]
                }
              }
            },
            "fused:udfType": "auto",
            "fused:slug": "power_plant_h3_zoom",
            "fused:name": "power_plant_h3_zoom",
            "fused:id": "5083953c-6f8a-462c-9c75-993120c0af86",
            "fused:tags": [
              {
                "id": "vector",
                "label": "vector"
              },
              {
                "id": "h3",
                "label": "h3",
                "isCreatable": true
              },
              {
                "id": "duckdb",
                "label": "duckdb",
                "isCreatable": true
              },
              {
                "id": "energy",
                "label": "energy",
                "isCreatable": true
              }
            ],
            "fused:description": "## Overview\n\nUse data from the Global Power Plant Database with an interactive zoom.\n\n## External links\n\n- [Data Source](https://datasets.wri.org/search)"
          },
          "source": "power_plant_h3_zoom.py",
          "headers": [
            {
              "module_name": "utils",
              "source_file": "utils.py"
            }
          ]
        }
      }
    ],
    "metadata": null
  }
}