{
  "version": "0.0.3",
  "job_config": {
    "version": "0.0.3",
    "name": null,
    "steps": [
      {
        "type": "udf",
        "udf": {
          "type": "geopandas_v2",
          "name": "lime_lark",
          "entrypoint": "udf",
          "parameters": {},
          "metadata": {
            "fused:name": "lime_lark",
            "fused:slug": "lime_lark",
            "fused:hasDefaultName": true,
            "fused:userCreatedShareToken": "fsh_3OJ9Z4ldhrMHKcMer4H0EV",
            "fused:vizConfig": {
              "tileLayer": {
                "@@type": "TileLayer",
                "minZoom": 0,
                "maxZoom": 19,
                "tileSize": 256
              },
              "rasterLayer": {
                "@@type": "BitmapLayer",
                "pickable": true
              },
              "vectorLayer": {
                "@@type": "GeoJsonLayer",
                "stroked": true,
                "filled": false,
                "pickable": true,
                "lineWidthMinPixels": 3,
                "pointRadiusMinPixels": 1,
                "getLineColor": [
                  255,
                  0,
                  0,
                  50
                ],
                "getFillColor": [
                  208,
                  208,
                  208,
                  40
                ]
              }
            },
            "fused:udfType": "vector_tile",
            "fused:id": "5c647ce6-9518-4d4a-8e56-bc20f2b7d060"
          },
          "source": "lime_lark.py",
          "headers": []
        }
      }
    ],
    "metadata": null
  }
}