{
  "version": "0.0.3",
  "job_config": {
    "version": "0.0.3",
    "name": null,
    "steps": [
      {
        "type": "udf",
        "udf": {
          "type": "geopandas_v2",
          "name": "h3_polygon_infrastructure",
          "entrypoint": "udf",
          "parameters": {},
          "metadata": {
            "fused:vizConfig": {
              "tileLayer": {
                "@@type": "TileLayer",
                "minZoom": 0,
                "maxZoom": 19,
                "tileSize": 256,
                "pickable": true
              },
              "vectorLayer": {
                "@@type": "H3HexagonLayer",
                "stroked": false,
                "filled": true,
                "pickable": true,
                "extruded": false,
                "opacity": 1,
                "coverage": 1,
                "lineWidthMinPixels": 5,
                "getHexagon": "@@=properties.cell_id",
                "getFillColor": {
                  "@@function": "hasProp",
                  "property": "r",
                  "present": "@@=[properties.r, properties.g, properties.b]",
                  "absent": [
                    200,
                    250,
                    0
                  ]
                },
                "getElevation": {
                  "@@function": "hasProp",
                  "property": "metric",
                  "present": "@@=properties.metric",
                  "absent": 1
                },
                "elevationScale": 10
              }
            },
            "fused:udfType": "auto",
            "fused:slug": "h3_polygon_infrastructure",
            "fused:name": "h3_polygon_infrastructure",
            "fused:id": "1c9a3f89-d370-4682-8bf4-b95bb10a62ee"
          },
          "source": "h3_polygon_infrastructure.py",
          "headers": [
            {
              "module_name": "utils",
              "source_file": "utils.py"
            }
          ]
        }
      }
    ],
    "metadata": null
  }
}