{
  "version": "0.0.3",
  "job_config": {
    "version": "0.0.3",
    "name": null,
    "steps": [
      {
        "type": "udf",
        "udf": {
          "type": "geopandas_v2",
          "name": "FIle_Emergency_Rooms_H3_FSQ_ISO_KONTUR_New_England_point_match",
          "entrypoint": "udf",
          "parameters": {},
          "metadata": {
            "fused:vizConfig": {
              "tileLayer": {
                "@@type": "TileLayer",
                "minZoom": 0,
                "maxZoom": 19,
                "tileSize": 256,
                "pickable": true
              },
              "rasterLayer": {
                "@@type": "BitmapLayer"
              },
              "hexLayer": {
                "@@type": "H3HexagonLayer",
                "getHexagon": "@@=properties.hex",
                "stroked": false,
                "filled": true,
                "pickable": true,
                "extruded": true,
                "coverage": 1,
                "opacity": 1,
                "lineWidthMinPixels": 1,
                "pointRadiusMinPixels": 1,
                "getElevation": {
                  "@@function": "hasProp",
                  "property": "pop",
                  "present": "@@=properties.pop",
                  "absent": 1
                },
                "elevationScale": 7,
                "getLineColor": {
                  "@@function": "hasProp",
                  "property": "r",
                  "present": "@@=[properties.r, properties.g, properties.b, 10]",
                  "absent": [
                    200,
                    250,
                    0
                  ]
                },
                "getFillColor": {
                  "@@function": "hasProp",
                  "property": "r",
                  "present": "@@=[properties.r, properties.g, properties.b, 250]",
                  "absent": [
                    255,
                    0,
                    255,
                    128
                  ]
                }
              }
            },
            "fused:udfType": "auto",
            "fused:slug": "FIle_Emergency_Rooms_H3_FSQ_ISO_KONTUR_New_England_point_match",
            "fused:name": "FIle_Emergency_Rooms_H3_FSQ_ISO_KONTUR_New_England_point_match",
            "fused:id": "c2aa0b5f-48a9-40db-aa39-1f43f6928e67",
            "fused:defaultViewState": {
              "enable": true,
              "latitude": 44.16930757573267,
              "longitude": -70.81486544909029,
              "zoom": 7.082188539011199,
              "pitch": 50,
              "bearing": 0
            }
          },
          "source": "FIle_Emergency_Rooms_H3_FSQ_ISO_KONTUR_New_England_point_match.py",
          "headers": [
            {
              "module_name": "utils",
              "source_file": "utils.py"
            }
          ]
        }
      }
    ],
    "metadata": null
  }
}