{
  "version": "0.0.3",
  "job_config": {
    "version": "0.0.3",
    "name": null,
    "steps": [
      {
        "type": "udf",
        "udf": {
          "type": "geopandas_v2",
          "name": "s2_hex_plasma_3",
          "entrypoint": "udf",
          "parameters": {},
          "metadata": {
            "fused:vizConfig": {
              "tileLayer": {
                "@@type": "TileLayer",
                "minZoom": 0,
                "maxZoom": 19,
                "tileSize": 256,
                "pickable": true
              },
              "rasterLayer": {
                "@@type": "BitmapLayer",
                "pickable": true
              },
              "vectorLayer": {
                "@@type": "H3HexagonLayer",
                "stroked": false,
                "filled": true,
                "extruded": true,
                "pickable": true,
                "coverage": 1,
                "opacity": 5,
                "getHexagon": "@@=properties.hex",
                "lineWidthMinPixels": 1,
                "pointRadiusMinPixels": 1,
                "getElevation": {
                  "@@function": "hasProp",
                  "property": "data",
                  "present": "@@=properties.data",
                  "absent": 1
                },
                "elevationScale": 10,
                "getFillColor": {
                  "@@function": "hasProp",
                  "property": "r",
                  "present": "@@=[properties.r, properties.g, properties.b]",
                  "absent": [
                    200,
                    250,
                    0
                  ]
                },
                "getLineColor": [
                  255,
                  0,
                  0,
                  40
                ]
              }
            },
            "fused:udfType": "auto",
            "fused:slug": "s2_hex_plasma_3",
            "fused:name": "s2_hex_plasma_3"
          },
          "source": "s2_hex_plasma_3.py",
          "headers": [
            {
              "module_name": "utils",
              "source_file": "utils.py"
            }
          ]
        }
      }
    ],
    "metadata": null
  }
}