{
  "version": "0.0.3",
  "job_config": {
    "version": "0.0.3",
    "name": null,
    "steps": [
      {
        "type": "udf",
        "udf": {
          "type": "geopandas_v2",
          "name": "stream_CHM_h3_rgb",
          "entrypoint": "udf",
          "parameters": {},
          "metadata": {
            "fused:vizConfig": {
              "tileLayer": {
                "@@type": "TileLayer",
                "minZoom": 0,
                "maxZoom": 19,
                "tileSize": 256,
                "pickable": true
              },
              "rasterLayer": {
                "@@type": "BitmapLayer",
                "pickable": true
              },
              "hexLayer": {
                "@@type": "H3HexagonLayer",
                "stroked": false,
                "filled": true,
                "extruded": true,
                "pickable": true,
                "opacity": 0.8,
                "getHexagon": "@@=properties.hex",
                "lineWidthMinPixels": 1,
                "pointRadiusMinPixels": 1,
                "getElevation": {
                  "@@function": "hasProp",
                  "property": "total_elevation",
                  "present": "@@=properties.total_elevation",
                  "absent": 1
                },
                "elevationScale": 2,
                "getFillColor": {
                  "@@function": "hasProp",
                  "property": "r",
                  "present": "@@=[properties.r, properties.g, properties.b, 228]",
                  "absent": [
                    255,
                    0,
                    255,
                    128
                  ]
                }
              }
            },
            "fused:udfType": "vector_tile",
            "fused:slug": "stream_CHM_h3_rgb",
            "fused:name": "stream_CHM_h3_rgb",
            "fused:defaultViewState": {
              "enable": false,
              "latitude": 41.24075510148416,
              "longitude": -78.34628671592925,
              "zoom": 9.224527487041115,
              "pitch": 0,
              "bearing": 0
            },
            "fused:defaultParameters": [
              {
                "parameter": "bounds",
                "value": "",
                "type": "string",
                "suggestedValues": []
              },
              {
                "parameter": "path",
                "value": "",
                "type": "string",
                "suggestedValues": []
              }
            ],
            "fused:gitPath": "public/get_CHM_from_meta",
            "fused:gitRef": "a2057d68b2657424424f33358dac75b1ca4f1142",
            "fused:assetUrl": "https://fused-magic.s3.amazonaws.com/thumbnails/preview/fusedlabs/fusedudfs/get_CHM_from_meta/04ca4bd4-dc35-4e4d-97c2-3932aa8f0fd4",
            "fused:tags": [
              {
                "id": "vegetation_management_demo",
                "label": "vegetation_management_demo"
              }
            ],
            "fused:description": "Get Canopy Height Map from Meta's open dataset on AWS\n",
            "fused:gitAuthorNames": [],
            "fused:gitAuthorUsernames": [],
            "fused:gitAuthorUrls": [],
            "fused:gitAuthorAvatarUrls": [],
            "fused:gitLastModified": "2025-06-24T15:16:32+00:00",
            "fused:gitRepo": "fusedio/udfs",
            "fused:id": "96515942-4409-434d-82f4-78ca6afcdad1"
          },
          "source": "stream_CHM_h3_rgb.py",
          "headers": [
            {
              "module_name": "utils",
              "source_file": "utils.py"
            }
          ]
        }
      }
    ],
    "metadata": null
  }
}