{
  "version": "0.0.3",
  "job_config": {
    "version": "0.0.3",
    "name": null,
    "steps": [
      {
        "type": "udf",
        "udf": {
          "type": "geopandas_v2",
          "name": "walking_segments_moco",
          "entrypoint": "udf",
          "parameters": {},
          "metadata": {
            "fused:vizConfig": {
              "tileLayer": {
                "@@type": "TileLayer",
                "minZoom": 0,
                "maxZoom": 19,
                "tileSize": 256
              },
              "rasterLayer": {
                "@@type": "BitmapLayer",
                "pickable": true
              },
              "vectorLayer": {
                "@@type": "GeoJsonLayer",
                "stroked": true,
                "filled": false,
                "pickable": true,
                "lineWidthMinPixels": 0.71,
                "pointRadiusMinPixels": 1,
                "getLineColor": {
                  "@@function": "colorContinuous",
                  "attr": "value",
                  "domain": [
                    0,
                    10
                  ],
                  "colors": "OrYel",
                  "nullColor": [
                    200,
                    250,
                    0
                  ]
                },
                "getFillColor": [
                  208,
                  208,
                  208,
                  40
                ]
              }
            },
            "fused:udfType": "vector_single",
            "fused:slug": "walking_segments_moco",
            "fused:name": "walking_segments_moco",
            "fused:id": "38f04748-919f-46f6-90fa-4c275b58322e",
            "collectionMeta": {
              "walking_network": {
                "position": 6
              }
            }
          },
          "source": "walking_segments_moco.py",
          "headers": []
        }
      }
    ],
    "metadata": null
  }
}