{
  "version": "0.0.3",
  "job_config": {
    "version": "0.0.3",
    "name": null,
    "steps": [
      {
        "type": "udf",
        "udf": {
          "type": "geopandas_v2",
          "name": "HLS_Tile_Example",
          "entrypoint": "udf",
          "parameters": {},
          "metadata": {
            "fused:vizConfig": {
              "tileLayer": {
                "@@type": "TileLayer",
                "minZoom": 0,
                "maxZoom": 19,
                "tileSize": 256
              },
              "rasterLayer": {
                "@@type": "BitmapLayer",
                "pickable": true
              },
              "vectorLayer": {
                "@@type": "GeoJsonLayer",
                "stroked": true,
                "filled": false,
                "pickable": true,
                "lineWidthMinPixels": 1,
                "pointRadiusMinPixels": 1,
                "getLineColor": {
                  "@@function": "colorContinuous",
                  "attr": "value",
                  "domain": [
                    0,
                    10
                  ],
                  "steps": 20,
                  "colors": "RedOr",
                  "nullColor": [
                    184,
                    184,
                    184
                  ]
                },
                "getFillColor": [
                  208,
                  208,
                  208,
                  40
                ]
              }
            },
            "fused:udfType": "vector_tile",
            "fused:slug": "HLS_Tile_Example",
            "fused:name": "HLS_Tile_Example",
            "fused:defaultParameters": [
              {
                "parameter": "collection_id",
                "value": "",
                "type": "string",
                "suggestedValues": []
              },
              {
                "parameter": "band",
                "value": "",
                "type": "string",
                "suggestedValues": []
              },
              {
                "parameter": "date_range",
                "value": "",
                "type": "string",
                "suggestedValues": []
              },
              {
                "parameter": "max_cloud_cover",
                "value": "",
                "type": "string",
                "suggestedValues": []
              },
              {
                "parameter": "n_mosaic",
                "value": "",
                "type": "string",
                "suggestedValues": []
              },
              {
                "parameter": "min_max",
                "value": "",
                "type": "string",
                "suggestedValues": []
              }
            ],
            "fused:gitUrl": "https://github.com/fusedio/udfs/tree/eab2d8953bf49ea87fff40822481c83198b4ce50/public/HLS_Tile_Example/",
            "fused:gitShortUrl": "https://github.com/fusedio/udfs/tree/eab2d89/public/HLS_Tile_Example/",
            "fused:gitPath": "public/HLS_Tile_Example",
            "fused:gitRef": "eab2d8953bf49ea87fff40822481c83198b4ce50",
            "fused:gitAuthorNames": [
              "Sina Kashuk",
              "Tyler Erickson",
              null,
              "Plinio Guzman",
              "Isaac Brodsky",
              null,
              null,
              "Suryashankar Das",
              "Milind Soni"
            ],
            "fused:gitAuthorUsernames": [
              "kashuk",
              "tylere",
              "charlesfused",
              "pgzmnk",
              "isaacbrodsky",
              "fused-io[bot]",
              "sterfd",
              "iamsdas",
              "milind-soni"
            ],
            "fused:gitAuthorUrls": [
              "https://github.com/kashuk",
              "https://github.com/tylere",
              "https://github.com/charlesfused",
              "https://github.com/pgzmnk",
              "https://github.com/isaacbrodsky",
              "https://github.com/apps/fused-io",
              "https://github.com/sterfd",
              "https://github.com/iamsdas",
              "https://github.com/milind-soni"
            ],
            "fused:gitAuthorAvatarUrls": [
              "https://avatars.githubusercontent.com/u/12432685?v=4",
              "https://avatars.githubusercontent.com/u/92862?v=4",
              "https://avatars.githubusercontent.com/u/148997493?v=4",
              "https://avatars.githubusercontent.com/u/27398253?v=4",
              "https://avatars.githubusercontent.com/u/9139378?v=4",
              "https://avatars.githubusercontent.com/in/834700?v=4",
              "https://avatars.githubusercontent.com/u/132007843?v=4",
              "https://avatars.githubusercontent.com/u/26461855?v=4",
              "https://avatars.githubusercontent.com/u/46266943?v=4"
            ],
            "fused:gitLastModified": "2025-05-02T16:19:35+00:00",
            "fused:explorerTab": "self",
            "fused:gitRepo": "fusedio/udfs",
            "fused:gitPullRequestBranch": "isaac_000002-patch-134839-use-fusedsecrets",
            "fused:gitPullRequestLink": "https://github.com/fusedio/udfs/pull/718",
            "fused:assetUrl": "https://fused-magic.s3.us-west-2.amazonaws.com/thumbnails/udfs-staging/HLS_Tile_Example.png",
            "fused:tags": [
              {
                "id": "mosaic",
                "label": "mosaic"
              },
              {
                "id": "s3",
                "label": "s3"
              },
              {
                "id": "nasa",
                "label": "nasa"
              },
              {
                "id": "remove-clouds",
                "label": "remove-clouds"
              },
              {
                "id": "stac",
                "label": "stac"
              }
            ],
            "fused:description": "## Overview\nThis UDF demonstrate how to access the NASA\u2019s Harmonized Landsat Sentinel-2 (HLS) version 2 assets. Please visit [Earth Data Portal](https://urs.earthdata.nasa.gov) to register and manage your Earthdata Login account.\n\n## External links\n\n- [Data Discovery Example](https://nasa-openscapes.github.io/2021-Cloud-Hackathon/tutorials/02_Data_Discovery_CMR-STAC_API.html)\n\n## Run this in any Jupyter Notebook\n\nPlease set `earthdata` [secret](https://docs.fused.io/workbench/account/#secrets-management) in Fused with a JSON dictionary of `username` and `password`.\n\n```python\nimport fused\n\nudf = fused.load(\"https://github.com/fusedio/udfs/tree/main/public/HLS_Tile_Example\")\ngdf = fused.run(udf=udf, x=5241, y=12667, z=15)\ngdf\n```\n",
            "fused:explorerPin": "15"
          },
          "source": "HLS_Tile_Example.py",
          "headers": [
            {
              "module_name": "utils_local",
              "source_file": "utils_local.py"
            }
          ]
        }
      }
    ],
    "metadata": null
  }
}