{
  "version": "0.0.3",
  "job_config": {
    "version": "0.0.3",
    "name": null,
    "steps": [
      {
        "type": "udf",
        "udf": {
          "type": "geopandas_v2",
          "name": "turquoise_pony_2",
          "entrypoint": "udf",
          "parameters": {},
          "metadata": {
            "fused:vizConfig": {
              "tileLayer": {
                "@@type": "TileLayer",
                "minZoom": 0,
                "maxZoom": 20,
                "tileSize": 256
              },
              "rasterLayer": {
                "@@type": "BitmapLayer",
                "pickable": true
              },
              "vectorLayer": {
                "@@type": "GeoJsonLayer",
                "stroked": false,
                "filled": true,
                "pickable": true,
                "extruded": true,
                "lineWidthMinPixels": 1,
                "pointRadiusMinPixels": 1,
                "getFillColor": "@@=[properties.agg_band1, properties.agg_band2, properties.agg_band3, 200]",
                "getElevation": "@@=properties.height",
                "elevationScale": 3
              }
            },
            "fused:udfType": "vector_tile",
            "fused:slug": "turquoise_pony_2",
            "fused:name": "turquoise_pony_2"
          },
          "source": "turquoise_pony_2.py",
          "headers": []
        }
      }
    ],
    "metadata": null
  }
}