{
  "version": "0.0.3",
  "job_config": {
    "version": "0.0.3",
    "name": null,
    "steps": [
      {
        "type": "udf",
        "udf": {
          "type": "geopandas_v2",
          "name": "pet_stores_fsq_duckdb",
          "entrypoint": "udf",
          "parameters": {},
          "metadata": {
            "fused:vizConfig": {
              "tileLayer": {
                "@@type": "TileLayer",
                "minZoom": 0,
                "maxZoom": 19,
                "tileSize": 256,
                "pickable": true
              },
              "rasterLayer": {
                "@@type": "BitmapLayer"
              },
              "vectorLayer": {
                "@@type": "GeoJsonLayer",
                "stroked": true,
                "filled": true,
                "pickable": true,
                "lineWidthMinPixels": 1,
                "getLineColor": {
                  "@@function": "hasProp",
                  "property": "r",
                  "present": "@@=[properties.r, properties.g, properties.b]",
                  "absent": [
                    255,
                    25,
                    255
                  ]
                },
                "getFillColor": [
                  255,
                  0,
                  0,
                  0
                ]
              },
              "hexLayer": {
                "@@type": "H3HexagonLayer",
                "stroked": false,
                "filled": true,
                "pickable": true,
                "extruded": true,
                "opacity": 0.3,
                "coverage": 0.8,
                "lineWidthMinPixels": 0,
                "getHexagon": "@@=properties.hex",
                "getLineColor": {
                  "@@function": "colorContinuous",
                  "attr": "value",
                  "domain": [
                    0,
                    10
                  ],
                  "colors": "TealGrn",
                  "nullColor": [
                    184,
                    184,
                    184
                  ]
                },
                "getFillColor": {
                  "@@function": "colorContinuous",
                  "attr": "cnt",
                  "domain": [
                    0,
                    100
                  ],
                  "colors": "Geyser",
                  "nullColor": [
                    184,
                    184,
                    184
                  ]
                },
                "getElevation": {
                  "@@function": "hasProp",
                  "property": "cnt",
                  "present": "@@=properties.cnt",
                  "absent": 1
                },
                "elevationScale": 200
              }
            },
            "fused:udfType": "auto",
            "fused:slug": "pet_stores_fsq_duckdb",
            "fused:name": "pet_stores_fsq_duckdb"
          },
          "source": "pet_stores_fsq_duckdb.py",
          "headers": [
            {
              "module_name": "utils",
              "source_file": "utils.py"
            }
          ]
        }
      }
    ],
    "metadata": null
  }
}