{
  "version": "0.0.3",
  "job_config": {
    "version": "0.0.3",
    "name": null,
    "steps": [
      {
        "type": "udf",
        "udf": {
          "type": "geopandas_v2",
          "name": "h3_dem_buildings",
          "entrypoint": "udf",
          "parameters": {},
          "metadata": {
            "fused:vizConfig": {
              "tileLayer": {
                "@@type": "TileLayer",
                "minZoom": 0,
                "maxZoom": 19,
                "tileSize": 256,
                "pickable": true
              },
              "rasterLayer": {
                "@@type": "BitmapLayer",
                "pickable": true
              },
              "vectorLayer": {
                "@@type": "GeoJsonLayer",
                "stroked": false,
                "filled": true,
                "pickable": true,
                "extruded": true,
                "getElevation": "@@=properties.height*2",
                "lineWidthMinPixels": 1,
                "pointRadiusMinPixels": 1,
                "getFillColor": "@@=[properties.metric*1, properties.metric*0.3, properties.metric*0.1]",
                "getFilColor": [
                  208,
                  208,
                  208,
                  40
                ]
              }
            },
            "fused:udfType": "auto",
            "fused:slug": "h3_dem_buildings",
            "fused:name": "h3_dem_buildings"
          },
          "source": "h3_dem_buildings.py",
          "headers": []
        }
      }
    ],
    "metadata": null
  }
}