{
  "version": "0.0.3",
  "job_config": {
    "version": "0.0.3",
    "name": null,
    "steps": [
      {
        "type": "udf",
        "udf": {
          "type": "geopandas_v2",
          "name": "Vegetation_Segmentation_Example",
          "entrypoint": "udf",
          "parameters": {},
          "metadata": {
            "fused:vizConfig": {
              "tileLayer": {
                "@@type": "TileLayer",
                "minZoom": 0,
                "maxZoom": 19,
                "tileSize": 256
              },
              "rasterLayer": {
                "@@type": "BitmapLayer",
                "pickable": true
              },
              "vectorLayer": {
                "@@type": "GeoJsonLayer",
                "stroked": true,
                "filled": false,
                "pickable": true,
                "lineWidthMinPixels": 1,
                "pointRadiusMinPixels": 1,
                "getLineColor": {
                  "@@function": "colorContinuous",
                  "attr": "value",
                  "domain": [
                    0,
                    10
                  ],
                  "colors": "Sunset",
                  "nullColor": [
                    184,
                    184,
                    184
                  ]
                },
                "getFillColor": [
                  208,
                  208,
                  208,
                  40
                ]
              }
            },
            "fused:udfType": "app",
            "fused:slug": "Vegetation_Segmentation_Example",
            "fused:name": "Vegetation_Segmentation_Example",
            "fused:gitPath": "public/Vegetation_Segmentation_Example",
            "fused:gitRef": "8641e8121b2c22cd452221d775744b594885a18a",
            "fused:assetUrl": "https://fused-magic.s3.amazonaws.com/thumbnails/apps-public/Vegetation_Segmentation_Example.png",
            "fused:tags": [
              {
                "id": "deckgl",
                "label": "deckgl"
              },
              {
                "id": "map",
                "label": "map"
              },
              {
                "id": "raster",
                "label": "raster"
              },
              {
                "id": "tile",
                "label": "tile"
              }
            ],
            "fused:description": "## Overview\n\nThis app demonstrates how perform scalable vegetation analysis using classical computer vision techniques using Fused App.\n## External links\n\n- [Vegetation Segmentation UDF](https://www.fused.io/workbench/catalog/Vegetation_Segmentation-8262af53-aad3-4356-a566-74a07bcc7eef)\n",
            "fused:gitAuthorNames": [
              null
            ],
            "fused:gitAuthorUsernames": [
              "kashuk"
            ],
            "fused:gitAuthorUrls": [
              "https://github.com/kashuk"
            ],
            "fused:gitAuthorAvatarUrls": [
              "https://avatars.githubusercontent.com/u/12432685?v=4"
            ],
            "fused:gitLastModified": "2025-01-27T00:25:20+00:00",
            "fused:explorerTab": "public",
            "fused:gitRepo": "fusedio/apps"
          },
          "source": "Vegetation_Segmentation_Example.py",
          "headers": []
        }
      }
    ],
    "metadata": null
  }
}