{
  "version": "0.0.3",
  "job_config": {
    "version": "0.0.3",
    "name": null,
    "steps": [
      {
        "type": "udf",
        "udf": {
          "type": "geopandas_v2",
          "name": "h3_overture_polygon_to_cells_height",
          "entrypoint": "udf",
          "parameters": {},
          "metadata": {
            "fused:vizConfig": {
              "tileLayer": {
                "@@type": "TileLayer",
                "minZoom": 0,
                "maxZoom": 19,
                "tileSize": 256,
                "pickable": true
              },
              "rasterLayer": {
                "@@type": "BitmapLayer",
                "pickable": true
              },
              "vectorLayer": {
                "@@type": "H3HexagonLayer",
                "stroked": true,
                "filled": true,
                "extruded": true,
                "pickable": true,
                "coverage": 1,
                "opacity": 5,
                "getHexagon": "@@=properties.cell_id",
                "lineWidthMinPixels": 1,
                "pointRadiusMinPixels": 1,
                "getElevation": {
                  "@@function": "hasProp",
                  "property": "height",
                  "present": "@@=properties.height",
                  "absent": 1
                },
                "elevationScale": 3,
                "getLineColor": [
                  0,
                  0,
                  0
                ],
                "getFillColor": "@@=[255, 255-(properties.height*7), 255-(properties.height*8), 180]"
              }
            },
            "fused:udfType": "vector_tile",
            "fused:slug": "h3_overture_polygon_to_cells_height",
            "fused:name": "h3_overture_polygon_to_cells_height",
            "fused:id": "07157444-ccc5-4c5d-b4d4-f8c635b44931"
          },
          "source": "h3_overture_polygon_to_cells_height.py",
          "headers": [
            {
              "module_name": "utils",
              "source_file": "utils.py"
            }
          ]
        }
      }
    ],
    "metadata": null
  }
}