{
  "version": "0.0.3",
  "job_config": {
    "version": "0.0.3",
    "name": null,
    "steps": [
      {
        "type": "udf",
        "udf": {
          "type": "geopandas_v2",
          "name": "SAR_Umbra_File_Example_copy",
          "entrypoint": "udf",
          "parameters": {},
          "metadata": {
            "fused:vizConfig": {
              "tileLayer": {
                "@@type": "TileLayer",
                "minZoom": 0,
                "maxZoom": 19,
                "tileSize": 256,
                "pickable": true
              },
              "rasterLayer": {
                "@@type": "BitmapLayer",
                "opacity": 0.9
              },
              "vectorLayer": {
                "@@type": "GeoJsonLayer",
                "stroked": true,
                "filled": false,
                "pickable": true,
                "lineWidthMinPixels": 1,
                "getLineColor": {
                  "@@function": "hasProp",
                  "property": "r",
                  "present": "@@=[properties.r, properties.g, properties.b]",
                  "absent": [
                    255,
                    0,
                    255
                  ]
                },
                "getFillColor": [
                  255,
                  0,
                  0,
                  40
                ]
              }
            },
            "fused:udfType": "vector_single",
            "fused:slug": "SAR_Umbra_File_Example_copy",
            "fused:name": "SAR_Umbra_File_Example_copy",
            "fused:assetUrl": "https://fused-magic.s3.us-west-2.amazonaws.com/thumbnails/udfs-staging/SAR_Umbra_File_Example.png",
            "fused:tags": [
              {
                "id": "sar",
                "label": "sar"
              },
              {
                "id": "raster",
                "label": "raster"
              },
              {
                "id": "high-res",
                "label": "high-res"
              },
              {
                "id": "file",
                "label": "file"
              }
            ],
            "fused:description": "# Overview\n\nUmbra satellites provide high-resolution Synthetic Aperture Radar (SAR) imagery, with up to 16-cm resolution, capable of capturing images at night and in adverse weather conditions. \n\n# External links\n\n- [stac link](https://radiantearth.github.io/stac-browser/#/external/s3.us-west-2.amazonaws.com/umbra-open-data-catalog/stac/catalog.json)\n- [aws open data](https://registry.opendata.aws/umbra-open-data/)\n\n## Run this in any Jupyter Notebook\n\n```python\nimport fused\n\nudf = fused.load(\"https://github.com/fusedio/udfs/tree/main/public/SAR_Umbra_File_Example\")\narr = fused.run(udf=udf)\narr.image.plot()\n```\n",
            "fused:id": "2fb91b71-01b5-4863-acd4-caddbf77ed9d",
            "fused:gitUrl": "https://github.com/fusedio/udfs/tree/441bf2420f44c5edbe957ed2d6a03638425ac038/public/SAR_Umbra_File_Example/",
            "fused:gitShortUrl": "https://github.com/fusedio/udfs/tree/441bf24/public/SAR_Umbra_File_Example/",
            "fused:gitPath": "public/SAR_Umbra_File_Example",
            "fused:gitRef": "441bf2420f44c5edbe957ed2d6a03638425ac038",
            "fused:gitAuthorNames": [
              "Sina Kashuk",
              "Tyler Erickson",
              "Plinio Guzman"
            ],
            "fused:gitAuthorUsernames": [
              "kashuk",
              "tylere",
              "pgzmnk"
            ],
            "fused:gitAuthorUrls": [
              "https://github.com/kashuk",
              "https://github.com/tylere",
              "https://github.com/pgzmnk"
            ],
            "fused:gitAuthorAvatarUrls": [
              "https://avatars.githubusercontent.com/u/12432685?v=4",
              "https://avatars.githubusercontent.com/u/92862?v=4",
              "https://avatars.githubusercontent.com/u/27398253?v=4"
            ],
            "fused:gitLastModified": "2024-03-17T01:19:37+00:00",
            "fused:defaultParameters": [
              {
                "parameter": "name",
                "value": "",
                "type": "string",
                "suggestedValues": [
                  "washington",
                  "panama_canal",
                  "mexico_sanmartin",
                  "colombia_taparal"
                ]
              }
            ],
            "fused:explorerTab": "public"
          },
          "source": "SAR_Umbra_File_Example_copy.py",
          "headers": [
            {
              "module_name": "utils",
              "source_file": "utils.py"
            }
          ]
        }
      }
    ],
    "metadata": null
  }
}