{
  "version": "0.0.3",
  "job_config": {
    "version": "0.0.3",
    "name": null,
    "steps": [
      {
        "type": "udf",
        "udf": {
          "type": "geopandas_v2",
          "name": "elevated_sentinel_hex_4_with_meta",
          "entrypoint": "udf",
          "parameters": {},
          "metadata": {
            "fused:vizConfig": {
              "tileLayer": {
                "@@type": "TileLayer",
                "minZoom": 0,
                "maxZoom": 19,
                "tileSize": 258,
                "pickable": true
              },
              "hexLayer": {
                "coverage": 1,
                "opacity": 1,
                "@@type": "H3HexagonLayer",
                "stroked": false,
                "filled": true,
                "pickable": true,
                "extruded": true,
                "getHexagon": "@@=properties.hex",
                "getFillColor": "@@=[properties.agg_band1, properties.agg_band2, properties.agg_band3]",
                "getElevation": "@@=properties.total_elevation",
                "elevationScale": 1
              }
            },
            "fused:udfType": "vector_tile",
            "fused:slug": "elevated_sentinel_hex_4_with_meta",
            "fused:name": "elevated_sentinel_hex_4_with_meta",
            "fused:id": "67fc6abb-643e-42be-b588-1cb97b695a6b",
            "fused:userCreatedShareToken": "fsh_1rRiFtwWTZg9Iml2bear9S"
          },
          "source": "elevated_sentinel_hex_4_with_meta.py",
          "headers": [
            {
              "module_name": "utils",
              "source_file": "utils.py"
            }
          ]
        }
      }
    ],
    "metadata": null
  }
}