{
  "version": "0.0.3",
  "job_config": {
    "version": "0.0.3",
    "name": null,
    "steps": [
      {
        "type": "udf",
        "udf": {
          "type": "geopandas_v2",
          "name": "parking_locations_c_and_o_beautiful_soup",
          "entrypoint": "udf",
          "parameters": {},
          "metadata": {
            "fused:vizConfig": {
              "tileLayer": {
                "@@type": "TileLayer",
                "minZoom": 0,
                "maxZoom": 19,
                "tileSize": 256
              },
              "rasterLayer": {
                "@@type": "BitmapLayer",
                "pickable": true
              },
              "vectorLayer": {
                "@@type": "GeoJsonLayer",
                "stroked": true,
                "filled": false,
                "pickable": true,
                "lineWidthMinPixels": 4,
                "pointRadiusMinPixels": 1,
                "getLineColor": [
                  255,
                  411,
                  0,
                  255
                ],
                "getLneColor": {
                  "@@function": "colorContinuous",
                  "attr": "Mile",
                  "domain": [
                    0,
                    190
                  ],
                  "colors": "BluYl",
                  "nullColor": [
                    184,
                    184,
                    184,
                    250
                  ]
                },
                "getFilColor": [
                  255,
                  0,
                  208,
                  40
                ]
              }
            },
            "fused:udfType": "vector_single",
            "fused:slug": "parking_locations_c_and_o_beautiful_soup",
            "fused:name": "parking_locations_c_and_o_beautiful_soup",
            "fused:id": "86d22fad-7f61-4216-af51-9a6379f2ac16"
          },
          "source": "parking_locations_c_and_o_beautiful_soup.py",
          "headers": []
        }
      }
    ],
    "metadata": null
  }
}