{
  "version": "0.0.3",
  "job_config": {
    "version": "0.0.3",
    "name": null,
    "steps": [
      {
        "type": "udf",
        "udf": {
          "type": "geopandas_v2",
          "name": "global_power_plants_parquet",
          "entrypoint": "udf",
          "parameters": {},
          "metadata": {
            "fused:description": "Read a Parquet or Geoparquet file and join with Overture.\n",
            "fused:vizConfig": {
              "tileLayer": {
                "@@type": "TileLayer",
                "minZoom": 0,
                "maxZoom": 19,
                "tileSize": 256,
                "pickable": true
              },
              "rasterLayer": {
                "@@type": "BitmapLayer",
                "pickable": true
              },
              "vectorLayer": {
                "@@type": "GeoJsonLayer",
                "stroked": true,
                "filled": true,
                "pickable": true,
                "lineWidthMinPixels": 1,
                "pointRadiusMinPixels": 1,
                "getLineColor": {
                  "@@function": "colorContinuous",
                  "attr": "subtype",
                  "domain": [
                    0,
                    10
                  ],
                  "colors": "Teal",
                  "nullColor": [
                    184,
                    184,
                    184
                  ]
                },
                "getFillColor": [
                  208,
                  208,
                  208,
                  40
                ]
              }
            },
            "fused:udfType": "auto",
            "fused:slug": "global_power_plants_parquet",
            "fused:name": "global_power_plants_parquet",
            "fused:gitUrl": "https://github.com/fusedio/udfs/tree/0600bffd764cb1f88bc1862823c2f2239d132270/files/Join_with_Overture/",
            "fused:gitShortUrl": "https://github.com/fusedio/udfs/tree/0600bff/files/Join_with_Overture/",
            "fused:gitPath": "files/Join_with_Overture",
            "fused:gitRef": "0600bffd764cb1f88bc1862823c2f2239d132270",
            "fused:gitAuthorNames": [
              "Plinio Guzman"
            ],
            "fused:gitAuthorUsernames": [
              "pgzmnk"
            ],
            "fused:gitAuthorUrls": [
              "https://github.com/pgzmnk"
            ],
            "fused:gitAuthorAvatarUrls": [
              "https://avatars.githubusercontent.com/u/27398253?v=4"
            ],
            "fused:gitLastModified": "2024-09-04T03:05:15+00:00",
            "fused:explorerTab": "public",
            "fused:gitRepo": "fusedio/udfs",
            "fused:assetUrl": "https://fused-magic.s3.us-west-2.amazonaws.com/thumbnails/udf_cards/overture_join.png"
          },
          "source": "global_power_plants_parquet.py",
          "headers": []
        }
      }
    ],
    "metadata": null
  }
}