{
  "version": "0.0.3",
  "job_config": {
    "version": "0.0.3",
    "name": null,
    "steps": [
      {
        "type": "udf",
        "udf": {
          "type": "geopandas_v2",
          "name": "overture_with_nlcd",
          "entrypoint": "udf",
          "parameters": {},
          "metadata": {
            "fused:vizConfig": {
              "tileLayer": {
                "@@type": "TileLayer",
                "minZoom": 0,
                "maxZoom": 19,
                "tileSize": 256
              },
              "rasterLayer": {
                "@@type": "BitmapLayer",
                "pickable": true
              },
              "hexLayer": {
                "opacity": 1,
                "coverage": 1,
                "@@type": "H3HexagonLayer",
                "stroked": false,
                "filled": true,
                "pickable": true,
                "extruded": false,
                "getHexagon": "@@=properties.hex",
                "getFillColor": "@@=[properties.r, properties.g, properties.b, 150]",
                "getFllColor": [
                  200,
                  200,
                  200,
                  150
                ],
                "getLineColor": [
                  255,
                  215,
                  0,
                  250
                ],
                "getElevation": "@@=properties.height",
                "elevationScale": 10
              }
            },
            "fused:udfType": "vector_tile",
            "fused:slug": "overture_with_nlcd",
            "fused:name": "overture_with_nlcd",
            "fused:id": "5eb9fedb-70b1-4a48-9751-6de471f9548c"
          },
          "source": "overture_with_nlcd.py",
          "headers": [
            {
              "module_name": "utils",
              "source_file": "utils.py"
            }
          ]
        }
      }
    ],
    "metadata": null
  }
}