{
  "version": "0.0.3",
  "job_config": {
    "version": "0.0.3",
    "name": null,
    "steps": [
      {
        "type": "udf",
        "udf": {
          "type": "geopandas_v2",
          "name": "S2_explorer_copy",
          "entrypoint": "udf",
          "parameters": {},
          "metadata": {
            "fused:description": "## Overview\n\nSentinel 2 satellite imaging pseudo RGB bands composed from the original 13 Sentinel 2 bands. The defaults are:\n\n* `pseudoRed = Glacier Index = (B3 \u2013 B4) / (B3 + B4)`\n* `pseudoGreen = B8 (Near InfraRed)`\n* `pseudoBlue = B11 (Short Wave InfraRed)`\n\n## Run this in any Jupyter Notebook\n\n```python\nimport fused\n\nudf = fused.load(\"https://github.com/fusedio/udfs/tree/main/public/S2_explorer\")\ndf = fused.run(udf, x=1270, y=3048, z=13)\ndf.image.isel(band=0).plot()\n```\n",
            "fused:assetUrl": "https://fused-magic.s3.us-west-2.amazonaws.com/thumbnails/udfs-staging/s3_explorer_udf_2.png",
            "fused:vizConfig": {
              "tileLayer": {
                "@@type": "TileLayer",
                "minZoom": 0,
                "maxZoom": 19,
                "tileSize": 256,
                "pickable": true
              },
              "rasterLayer": {
                "@@type": "BitmapLayer",
                "pickable": true
              },
              "vectorLayer": {
                "@@type": "GeoJsonLayer",
                "stroked": true,
                "filled": true,
                "pickable": true,
                "lineWidthMinPixels": 1,
                "pointRadiusMinPixels": 1,
                "getLineColor": {
                  "@@function": "hasProp",
                  "property": "r",
                  "present": "@@=[properties.r, properties.g, properties.b]",
                  "absent": [
                    255,
                    0,
                    255
                  ]
                },
                "getFillColor": [
                  0,
                  0,
                  0,
                  255
                ]
              }
            },
            "fused:udfType": "vector_tile",
            "fused:slug": "S2_explorer_copy",
            "fused:name": "S2_explorer_copy",
            "fused:id": "f5803996-55c3-45d7-97c0-351038861ece",
            "fused:gitUrl": "https://github.com/fusedio/udfs/tree/94cf254b4af33030a5ee8a19d853c02dc8b48796/public/S2_explorer/",
            "fused:gitShortUrl": "https://github.com/fusedio/udfs/tree/94cf254/public/S2_explorer/",
            "fused:gitPath": "public/S2_explorer",
            "fused:gitRef": "94cf254b4af33030a5ee8a19d853c02dc8b48796",
            "fused:gitAuthorNames": [
              "Gabriel Durkin",
              "Fabion Kauker",
              "Plinio Guzman",
              "Isaac Brodsky"
            ],
            "fused:gitAuthorUsernames": [
              "gdurkin",
              "fhk",
              "pgzmnk",
              "isaacbrodsky"
            ],
            "fused:gitAuthorUrls": [
              "https://github.com/gdurkin",
              "https://github.com/fhk",
              "https://github.com/pgzmnk",
              "https://github.com/isaacbrodsky"
            ],
            "fused:gitAuthorAvatarUrls": [
              "https://avatars.githubusercontent.com/u/8119745?v=4",
              "https://avatars.githubusercontent.com/u/4031392?v=4",
              "https://avatars.githubusercontent.com/u/27398253?v=4",
              "https://avatars.githubusercontent.com/u/9139378?v=4"
            ],
            "fused:gitLastModified": "2024-03-13T17:22:21+00:00",
            "fused:explorerTab": "public"
          },
          "source": "S2_explorer_copy.py",
          "headers": [
            {
              "module_name": "gabeutils",
              "source_file": "gabeutils.py"
            }
          ]
        }
      }
    ],
    "metadata": null
  }
}