{
  "version": "0.0.3",
  "job_config": {
    "version": "0.0.3",
    "name": null,
    "steps": [
      {
        "type": "udf",
        "udf": {
          "type": "geopandas_v2",
          "name": "HLS_Tile_skent89",
          "entrypoint": "udf",
          "parameters": {},
          "metadata": {
            "fused:tags": [
              {
                "id": "30-meter",
                "label": "30-meter"
              },
              {
                "id": "aws",
                "label": "aws"
              },
              {
                "id": "nasa",
                "label": "nasa"
              },
              {
                "id": "raster",
                "label": "raster"
              }
            ],
            "fused:description": "## Overview\nThis UDF demonstrate how to access the NASA\u2019s Harmonized Landsat Sentinel-2 (HLS) version 2 assets. Please visit [Earth Data Portal](https://urs.earthdata.nasa.gov) to register and manage your Earthdata Login account.\n\n## External links\n\n- [Data Discovery Example](https://nasa-openscapes.github.io/2021-Cloud-Hackathon/tutorials/02_Data_Discovery_CMR-STAC_API.html)\n- [Name of link](https://example.com)\n\n## Run this in any Jupyter Notebook\n\nPlease set `username` and `password` arguments. Create credentials at: https://urs.earthdata.nasa.gov to register and manage your Earthdata Login account.\n\n```python\nimport fused\n\nudf = fused.load(\"https://github.com/fusedio/udfs/tree/main/public/HLS_Tile_Example\")\ngdf = fused.run(udf=udf, x=5241, y=12667, z=15,  username=\"your_username\", password=\"your_password\")\ngdf\n```",
            "fused:assetUrl": "https://fused-magic.s3.us-west-2.amazonaws.com/thumbnails/udfs-staging/HLS_Tile_Example.png",
            "fused:vizConfig": {
              "tileLayer": {
                "@@type": "TileLayer",
                "minZoom": 0,
                "maxZoom": 19,
                "tileSize": 256,
                "pickable": true
              },
              "rasterLayer": {
                "@@type": "BitmapLayer"
              },
              "vectorLayer": {
                "@@type": "GeoJsonLayer",
                "stroked": true,
                "filled": false,
                "pickable": true,
                "lineWidthMinPixels": 1,
                "getLineColor": {
                  "@@function": "hasProp",
                  "property": "r",
                  "present": "@@=[properties.r, properties.g, properties.b]",
                  "absent": [
                    255,
                    0,
                    255
                  ]
                },
                "getFillColor": [
                  255,
                  0,
                  0,
                  40
                ]
              }
            },
            "fused:udfType": "vector_tile",
            "fused:slug": "HLS_Tile_skent89",
            "fused:name": "HLS_Tile_skent89",
            "fused:id": "925f71a8-1c1f-43d1-bf89-f8f16130bfd3",
            "fused:defaultParameters": [],
            "fused:gitUrl": "https://github.com/fusedio/udfs/tree/efbec0e04d775639c67636c810f2503794753079/public/HLS_Tile_Example/",
            "fused:gitShortUrl": "https://github.com/fusedio/udfs/tree/efbec0e/public/HLS_Tile_Example/",
            "fused:gitPath": "public/HLS_Tile_Example",
            "fused:gitRef": "efbec0e04d775639c67636c810f2503794753079",
            "fused:gitAuthorNames": [
              "Sina Kashuk",
              "Tyler Erickson",
              null,
              "Plinio Guzman"
            ],
            "fused:gitAuthorUsernames": [
              "kashuk",
              "tylere",
              "charlesfused",
              "pgzmnk"
            ],
            "fused:gitAuthorUrls": [
              "https://github.com/kashuk",
              "https://github.com/tylere",
              "https://github.com/charlesfused",
              "https://github.com/pgzmnk"
            ],
            "fused:gitAuthorAvatarUrls": [
              "https://avatars.githubusercontent.com/u/12432685?v=4",
              "https://avatars.githubusercontent.com/u/92862?v=4",
              "https://avatars.githubusercontent.com/u/148997493?v=4",
              "https://avatars.githubusercontent.com/u/27398253?v=4"
            ],
            "fused:gitLastModified": "2024-03-13T17:22:21+00:00",
            "fused:explorerTab": "public",
            "fused:gitRepo": "fusedio/udfs"
          },
          "source": "HLS_Tile_skent89.py",
          "headers": [
            {
              "module_name": "utils",
              "source_file": "utils.py"
            }
          ]
        }
      }
    ],
    "metadata": null
  }
}