{
  "version": "0.0.3",
  "job_config": {
    "version": "0.0.3",
    "name": null,
    "steps": [
      {
        "type": "udf",
        "udf": {
          "type": "geopandas_v2",
          "name": "USGS_mount_washington_oct_2025_sub_numpy_for_pandas_2_white_box_flow_3",
          "entrypoint": "udf",
          "parameters": {},
          "metadata": {
            "fused:vizConfig": {
              "tileLayer": {
                "@@type": "TileLayer",
                "minZoom": 0,
                "maxZoom": 14,
                "tileSize": 256,
                "extrude": true,
                "pickable": true
              },
              "hexLayer": {
                "opacity": 1,
                "@@type": "H3HexagonLayer",
                "stroked": false,
                "filled": true,
                "pickable": true,
                "extruded": false,
                "getHexagon": "@@=properties.hex",
                "getFillColor": {
                  "@@function": "colorContinuous",
                  "attr": "metric",
                  "domain": [
                    27071,
                    1000
                  ],
                  "steps": 50,
                  "colors": "Emrld",
                  "nullColor": [
                    200,
                    250,
                    0
                  ]
                },
                "getFilColor": "@@=[properties.metric*1, properties.metric*0.3, properties.metric*0.1]",
                "getElevation": "@@=properties.metric",
                "elevationScale": 2
              }
            },
            "fused:udfType": "vector_tile",
            "fused:slug": "USGS_mount_washington_oct_2025_sub_numpy_for_pandas_2_white_box_flow_3",
            "fused:name": "USGS_mount_washington_oct_2025_sub_numpy_for_pandas_2_white_box_flow_3",
            "fused:assetUrl": "https://fused-magic.s3.us-west-2.amazonaws.com/thumbnails/udf_cards/rasterio_tiff.png",
            "fused:description": "Read a GeoTIFF image file.\n",
            "fused:defaultViewState": {
              "enable": true,
              "latitude": 62.95061894852133,
              "longitude": -151.21360578884804,
              "zoom": 8.921856798444752,
              "pitch": 40,
              "bearing": 0
            },
            "fused:id": "c79bcd32-569c-43df-8374-c84267d2c9b4",
            "fused:userCreatedShareToken": "fsh_330hwPPsFSELyDF604P7Yj"
          },
          "source": "USGS_mount_washington_oct_2025_sub_numpy_for_pandas_2_white_box_flow_3.py",
          "headers": []
        }
      }
    ],
    "metadata": null
  }
}