{
  "version": "0.0.3",
  "job_config": {
    "version": "0.0.3",
    "name": null,
    "steps": [
      {
        "type": "udf",
        "udf": {
          "type": "geopandas_v2",
          "name": "noaa_forecast_zarr",
          "entrypoint": "udf",
          "parameters": {},
          "metadata": {
            "fused:vizConfig": {
              "tileLayer": {
                "@@type": "TileLayer",
                "minZoom": 0,
                "maxZoom": 19,
                "tileSize": 256
              },
              "rasterLayer": {
                "@@type": "BitmapLayer",
                "pickable": true,
                "opacity": 0.7
              },
              "vectorLayer": {
                "@@type": "GeoJsonLayer",
                "stroked": true,
                "filled": false,
                "pickable": true,
                "lineWidthMinPixels": 1,
                "pointRadiusMinPixels": 1,
                "getLineColor": {
                  "@@function": "colorContinuous",
                  "attr": "value",
                  "domain": [
                    0,
                    10
                  ],
                  "steps": 20,
                  "colors": "PurpOr",
                  "nullColor": [
                    184,
                    184,
                    184
                  ]
                },
                "getFillColor": [
                  208,
                  208,
                  208,
                  40
                ]
              }
            },
            "fused:udfType": "vector_single",
            "fused:slug": "noaa_forecast_zarr",
            "fused:name": "noaa_forecast_zarr",
            "fused:defaultViewState": {
              "enable": true,
              "latitude": 30.28911781919531,
              "longitude": 14.641288409584284,
              "zoom": 1.5749928501762989,
              "pitch": 0,
              "bearing": 0
            },
            "fused:assetUrl": "https://fused-magic.s3.amazonaws.com/thumbnails/preview/fusedio/udfs/Silam_Global_Dust/ee96ae2d-60b3-455d-94ae-6efde4d0b3db",
            "fused:tags": [
              {
                "id": "raster",
                "label": "raster"
              },
              {
                "id": "zarr",
                "label": "zarr"
              },
              {
                "id": "climate",
                "label": "climate"
              }
            ],
            "fused:description": "## Silam Global Dust \n\nVisualize Zarr3 data from [Source Coop](https://source.coop/bkr/silam-dust)\n",
            "fused:explorerTab": "self",
            "fused:id": "e6da45b0-3259-4b30-bbeb-d3af093afa23"
          },
          "source": "noaa_forecast_zarr.py",
          "headers": []
        }
      }
    ],
    "metadata": null
  }
}