{
  "version": "0.0.3",
  "job_config": {
    "version": "0.0.3",
    "name": null,
    "steps": [
      {
        "type": "udf",
        "udf": {
          "type": "geopandas_v2",
          "name": "Join_with_Overture_parks",
          "entrypoint": "udf",
          "parameters": {},
          "metadata": {
            "fused:description": "Read a Parquet or Geoparquet file and join with Overture.\n",
            "fused:vizConfig": {
              "tileLayer": {
                "@@type": "TileLayer",
                "minZoom": 0,
                "maxZoom": 19,
                "tileSize": 256,
                "pickable": true
              },
              "rasterLayer": {
                "@@type": "BitmapLayer",
                "pickable": true
              },
              "vectorLayer": {
                "@@type": "GeoJsonLayer",
                "stroked": true,
                "filled": false,
                "pickable": true,
                "opacity": 0.38798,
                "lineWidthMinPixels": 0.97,
                "pointRadiusMinPixels": 1,
                "getLineColor": {
                  "@@function": "colorContinuous",
                  "attr": "value",
                  "domain": [
                    1,
                    10000
                  ],
                  "colors": "Teal",
                  "nullColor": [
                    255,
                    198,
                    196
                  ]
                }
              }
            },
            "fused:udfType": "auto",
            "fused:slug": "Join_with_Overture_parks",
            "fused:name": "Join_with_Overture_parks",
            "fused:id": "4e01e522-6f8e-4711-b848-c42c27890467",
            "fused:gitUrl": "https://github.com/fusedio/udfs/tree/b7905bbba375dd5cd68326c005c9338782ad9dfc/files/Join_with_Overture/",
            "fused:gitShortUrl": "https://github.com/fusedio/udfs/tree/b7905bb/files/Join_with_Overture/",
            "fused:gitPath": "files/Join_with_Overture",
            "fused:gitRef": "b7905bbba375dd5cd68326c005c9338782ad9dfc",
            "fused:filePreview": true,
            "fused:filePreviewExtensions": [
              "parquet",
              "pq",
              "gpq",
              "geoparquet",
              "json",
              "geojson",
              "zip"
            ],
            "fused:filePreviewMenuOrder": "3",
            "fused:gitAuthorNames": [
              "Plinio Guzman",
              "Sina Kashuk"
            ],
            "fused:gitAuthorUsernames": [
              "pgzmnk",
              "kashuk"
            ],
            "fused:gitAuthorUrls": [
              "https://github.com/pgzmnk",
              "https://github.com/kashuk"
            ],
            "fused:gitAuthorAvatarUrls": [
              "https://avatars.githubusercontent.com/u/27398253?v=4",
              "https://avatars.githubusercontent.com/u/12432685?v=4"
            ],
            "fused:gitLastModified": "2024-09-06T00:39:49+00:00",
            "fused:explorerTab": "public",
            "fused:gitRepo": "fusedio/udfs",
            "fused:assetUrl": "https://fused-magic.s3.us-west-2.amazonaws.com/thumbnails/udf_cards/overture_join.png",
            "fused:explorerPin": "99"
          },
          "source": "Join_with_Overture_parks.py",
          "headers": []
        }
      }
    ],
    "metadata": null
  }
}