{
  "version": "0.0.3",
  "job_config": {
    "version": "0.0.3",
    "name": null,
    "steps": [
      {
        "type": "udf",
        "udf": {
          "type": "geopandas_v2",
          "name": "click_and_see_fsq_places_return_isochorne",
          "entrypoint": "udf",
          "parameters": {},
          "metadata": {
            "fused:vizConfig": {
              "tileLayer": {
                "@@type": "TileLayer",
                "minZoom": 0,
                "maxZoom": 19,
                "tileSize": 256,
                "pickable": true
              },
              "rasterLayer": {
                "@@type": "BitmapLayer",
                "pickable": true
              },
              "vectorLayer": {
                "@@type": "GeoJsonLayer",
                "stroked": false,
                "filled": true,
                "pickable": true,
                "extruded": true,
                "opacity": 1,
                "lineWidthMinPixels": 1,
                "pointRadiusMinPixels": 1,
                "getElevation": {
                  "@@function": "hasProp",
                  "property": "cnt",
                  "present": "@@=properties.cnt",
                  "absent": 1
                },
                "elevationScale": 30,
                "getFillColor": {
                  "@@function": "colorContinuous",
                  "attr": "cnt",
                  "domain": [
                    0,
                    25
                  ],
                  "colors": "Emrld",
                  "nullColor": [
                    184,
                    184,
                    184
                  ]
                }
              }
            },
            "fused:udfType": "vector_tile",
            "fused:slug": "click_and_see_fsq_places_return_isochorne",
            "fused:name": "click_and_see_fsq_places_return_isochorne",
            "fused:id": "56e9b3b3-3630-4262-8ad3-ec98600e8bfa"
          },
          "source": "click_and_see_fsq_places_return_isochorne.py",
          "headers": [
            {
              "module_name": "utils",
              "source_file": "utils.py"
            }
          ]
        }
      }
    ],
    "metadata": null
  }
}