{
  "version": "0.0.3",
  "job_config": {
    "version": "0.0.3",
    "name": null,
    "steps": [
      {
        "type": "udf",
        "udf": {
          "type": "geopandas_v2",
          "name": "amethyst_carp",
          "entrypoint": "udf",
          "parameters": {},
          "metadata": {
            "fused:vizConfig": {
              "FileLayer": {
                "@@type": "FileLayer",
                "minZoom": 0,
                "maxZoom": 19,
                "tileSize": 256,
                "pickable": true
              },
              "vectorLayer": {
                "opacity": 2,
                "@@type": "H3HexagonLayer",
                "stroked": true,
                "filled": true,
                "pickable": true,
                "getHexagon": "@@=hex",
                "getFillColor": "@@=[cnt, cnt, cnt]",
                "getElevation": "@@=cnt",
                "elevationScale": 4
              }
            },
            "fused:udfType": "vector_tile",
            "fused:slug": "amethyst_carp",
            "fused:name": "amethyst_carp",
            "fused:id": "d342c5d8-1450-40d7-8ea5-67fdb21a7216"
          },
          "source": "amethyst_carp.py",
          "headers": [
            {
              "module_name": "utils",
              "source_file": "utils.py"
            }
          ]
        }
      }
    ],
    "metadata": null
  }
}