{
  "version": "0.0.3",
  "job_config": {
    "version": "0.0.3",
    "name": null,
    "steps": [
      {
        "type": "udf",
        "udf": {
          "type": "geopandas_v2",
          "name": "Foursquare_Open_Source_Places_Starbucks",
          "entrypoint": "udf",
          "parameters": {},
          "metadata": {
            "fused:description": "Places of interest (POIs) from [Foursquare Open Source Places](https://opensource.foursquare.com/os-places/) hosted on [Source Coop](https://source.coop/repositories/fused/fsq-os-places)\n",
            "fused:vizConfig": {
              "tileLayer": {
                "@@type": "TileLayer",
                "minZoom": 0,
                "maxZoom": 19,
                "tileSize": 256,
                "pickable": true
              },
              "rasterLayer": {
                "@@type": "BitmapLayer",
                "pickable": true
              },
              "vectorLayer": {
                "@@type": "GeoJsonLayer",
                "stroked": true,
                "filled": true,
                "pickable": true,
                "lineWidthMinPixels": 0.2,
                "pointRadiusMinPixels": 1,
                "getPointRadius": 4,
                "getLineColor": {
                  "@@function": "hasProp",
                  "property": "level1_category_name",
                  "present": [
                    0,
                    0,
                    0,
                    0
                  ],
                  "absent": [
                    200,
                    250,
                    100,
                    255
                  ]
                },
                "getFillColor": {
                  "@@function": "hasProp",
                  "property": "level1_category_name",
                  "present": {
                    "@@function": "colorCategories",
                    "attr": "level1_category_name",
                    "domain": [
                      "Dining and Drinking",
                      "Business and Professional Services",
                      "Retail",
                      "NA",
                      "Travel and Transportation",
                      "Community and Government",
                      "Arts and Entertainment",
                      "Landmarks and Outdoors",
                      "Health and Medicine",
                      "Sports and Recreation",
                      "Event"
                    ],
                    "colors": "Bold"
                  },
                  "absent": [
                    0,
                    0,
                    0,
                    0
                  ]
                }
              }
            },
            "fused:udfType": "auto",
            "fused:slug": "Foursquare_Open_Source_Places_Starbucks",
            "fused:name": "Foursquare_Open_Source_Places_Starbucks",
            "fused:gitUrl": "https://github.com/fusedio/udfs/tree/669602895e96fe1ec461eaed4a6b90b5484dee84/public/Foursquare_Open_Source_Places/",
            "fused:gitShortUrl": "https://github.com/fusedio/udfs/tree/6696028/public/Foursquare_Open_Source_Places/",
            "fused:gitPath": "public/Foursquare_Open_Source_Places",
            "fused:gitRef": "669602895e96fe1ec461eaed4a6b90b5484dee84",
            "fused:assetUrl": "",
            "fused:gitAuthorNames": [
              "Isaac Brodsky",
              null
            ],
            "fused:gitAuthorUsernames": [
              "isaacbrodsky",
              "fused-io[bot]"
            ],
            "fused:gitAuthorUrls": [
              "https://github.com/isaacbrodsky",
              "https://github.com/apps/fused-io"
            ],
            "fused:gitAuthorAvatarUrls": [
              "https://avatars.githubusercontent.com/u/9139378?v=4",
              "https://avatars.githubusercontent.com/in/834700?v=4"
            ],
            "fused:gitLastModified": "2024-11-21T02:06:27+00:00",
            "fused:gitRepo": "fusedio/udfs",
            "fused:defaultParameters": [
              {
                "parameter": "release",
                "value": "",
                "type": "string",
                "suggestedValues": [
                  "2024-11-19"
                ]
              },
              {
                "parameter": "min_zoom",
                "value": "",
                "type": "string",
                "suggestedValues": []
              },
              {
                "parameter": "use_columns",
                "value": "",
                "type": "array",
                "suggestedValues": []
              }
            ],
            "fused:tags": [
              {
                "id": "fsq",
                "label": "fsq"
              },
              {
                "id": "poi",
                "label": "poi"
              },
              {
                "id": "coop",
                "label": "coop"
              }
            ],
            "fused:gitHistory": [
              {
                "fused:description": "Places of interest (POIs) from [Foursquare Open Source Places](https://opensource.foursquare.com/os-places/) hosted on [Source Coop](https://source.coop/repositories/fused/fsq-os-places)",
                "fused:vizConfig": {
                  "tileLayer": {
                    "@@type": "TileLayer",
                    "minZoom": 0,
                    "maxZoom": 19,
                    "tileSize": 256,
                    "pickable": true
                  },
                  "rasterLayer": {
                    "@@type": "BitmapLayer",
                    "pickable": true
                  },
                  "vectorLayer": {
                    "@@type": "GeoJsonLayer",
                    "stroked": false,
                    "filled": true,
                    "pickable": true,
                    "lineWidthMinPixels": 0.5,
                    "pointRadiusMinPixels": 0,
                    "getLineColor": {
                      "@@function": "colorCategories",
                      "attr": "level1_category_name",
                      "domain": [
                        "Dining and Drinking",
                        "Business and Professional Services",
                        "Retail",
                        "Travel and Transportation",
                        "Community and Government",
                        "Arts and Entertainment",
                        "Landmarks and Outdoors",
                        "Health and Medicine",
                        "Sports and Recreation",
                        "NA",
                        "Event"
                      ],
                      "colors": "Bold"
                    },
                    "getFillColor": {
                      "@@function": "colorCategories",
                      "attr": "level1_category_name",
                      "domain": [
                        "Dining and Drinking",
                        "Business and Professional Services",
                        "Retail",
                        "NA",
                        "Travel and Transportation",
                        "Community and Government",
                        "Arts and Entertainment",
                        "Landmarks and Outdoors",
                        "Health and Medicine",
                        "Sports and Recreation",
                        "Event"
                      ],
                      "colors": "Bold"
                    }
                  }
                },
                "fused:udfType": "auto",
                "fused:slug": "fsq_poi",
                "fused:name": "fsq_poi",
                "fused:id": null,
                "fused:gitUrl": "https://github.com/fusedlabs/fusedudfs/tree/effca07c8afdc78a25e2b4bbdcfe4be334399b68/fsq_poi/",
                "fused:gitShortUrl": "https://github.com/fusedlabs/fusedudfs/tree/effca07/fsq_poi/",
                "fused:gitPath": "fsq_poi",
                "fused:gitRef": "effca07c8afdc78a25e2b4bbdcfe4be334399b68",
                "fused:assetUrl": "",
                "fused:gitAuthorNames": [
                  null
                ],
                "fused:gitAuthorUsernames": [
                  "fused-io[bot]"
                ],
                "fused:gitAuthorUrls": [
                  "https://github.com/apps/fused-io"
                ],
                "fused:gitAuthorAvatarUrls": [
                  "https://avatars.githubusercontent.com/in/834700?v=4"
                ],
                "fused:gitLastModified": "2024-11-20T07:27:20+00:00",
                "fused:gitRepo": "fusedlabs/fusedudfs",
                "fused:defaultParameters": [
                  {
                    "parameter": "release",
                    "value": "",
                    "type": "string",
                    "suggestedValues": [
                      "2024-11-19"
                    ]
                  },
                  {
                    "parameter": "min_zoom",
                    "value": "",
                    "type": "string",
                    "suggestedValues": []
                  },
                  {
                    "parameter": "use_columns",
                    "value": "",
                    "type": "array",
                    "suggestedValues": []
                  }
                ],
                "fused:tags": [
                  {
                    "id": "fsq",
                    "label": "fsq",
                    "isCreatable": true
                  },
                  {
                    "id": "poi",
                    "label": "poi",
                    "isCreatable": true
                  },
                  {
                    "id": "coop",
                    "label": "coop",
                    "isCreatable": true
                  }
                ]
              }
            ],
            "fused:gitPullRequestBranch": "isaac@fused.io-patch-fsq-poi-udf",
            "fused:gitPullRequestLink": "https://github.com/fusedlabs/fusedudfs/pull/358",
            "fused:explorerTab": "public",
            "fused:defaultViewState": {
              "enable": true,
              "latitude": 37.761327936638445,
              "longitude": -122.34185713726168,
              "zoom": 10.02293460666542,
              "pitch": 0,
              "bearing": 0
            }
          },
          "source": "Foursquare_Open_Source_Places_Starbucks.py",
          "headers": [
            {
              "module_name": "utils",
              "source_file": "utils.py"
            }
          ]
        }
      }
    ],
    "metadata": null
  }
}