{
  "version": "0.0.3",
  "job_config": {
    "version": "0.0.3",
    "name": null,
    "steps": [
      {
        "type": "udf",
        "udf": {
          "type": "geopandas_v2",
          "name": "CDLs_Tile_Example_copy",
          "entrypoint": "udf",
          "parameters": {},
          "metadata": {
            "fused:assetUrl": "https://fused-magic.s3.us-west-2.amazonaws.com/thumbnails/udfs-staging/CDLS_Tile_Example.png",
            "fused:tags": [
              {
                "id": "raster",
                "label": "raster"
              },
              {
                "id": "aws",
                "label": "aws"
              },
              {
                "id": "bbox",
                "label": "bbox"
              },
              {
                "id": "lulc",
                "label": "lulc"
              },
              {
                "id": "30-meter",
                "label": "30-meter"
              }
            ],
            "fused:description": "# Overview\n\nThis UDF shows how to open [Cropland Data Layer](https://www.nass.usda.gov/Research_and_Science/Cropland/SARS1a.php) (CDL) tiff files. The CDL is a categorical land cover dataset that provides information about the types of crops and land cover on agricultural lands in the United States. The CDL is produced by the United States Department of Agriculture (USDA) National Agricultural Statistics Service (NASS) on an annual basis.\n\n# External links\n\n- [Original Download Links](https://www.nass.usda.gov/Research_and_Science/Cropland/Release/index.php)\n\n## Run this in any Jupyter Notebook\n\n```python\nimport fused\n\nudf = fused.load(\"https://github.com/fusedio/udfs/tree/main/public/CDLs_Tile_Example\")\narr = fused.run(udf=udf, x=9646, y=12321, z=15)\narr\n```\n",
            "fused:vizConfig": {
              "tileLayer": {
                "@@type": "TileLayer",
                "minZoom": 0,
                "maxZoom": 19,
                "tileSize": 256,
                "pickable": true
              },
              "rasterLayer": {
                "@@type": "BitmapLayer",
                "pickable": true
              },
              "vectorLayer": {
                "@@type": "GeoJsonLayer",
                "stroked": true,
                "filled": false,
                "pickable": true,
                "lineWidthMinPixels": 1,
                "getLineColor": {
                  "@@function": "hasProp",
                  "property": "r",
                  "present": "@@=[properties.r, properties.g, properties.b]",
                  "absent": [
                    255,
                    0,
                    255
                  ]
                },
                "getFillColor": [
                  255,
                  0,
                  0,
                  40
                ]
              }
            },
            "fused:udfType": "vector_tile",
            "fused:slug": "CDLs_Tile_Example_copy",
            "fused:name": "CDLs_Tile_Example_copy",
            "fused:defaultParameters": [],
            "fused:id": "0339e88f-8316-4907-b5d7-ba9622f4780c",
            "fused:defaultViewState": {
              "enable": true,
              "latitude": 37.87977092640186,
              "longitude": -121.24227271927563,
              "zoom": 9.474375639374612,
              "pitch": 0,
              "bearing": 0
            },
            "fused:gitUrl": "https://github.com/fusedio/udfs/tree/94cf254b4af33030a5ee8a19d853c02dc8b48796/public/CDLs_Tile_Example/",
            "fused:gitPath": "public/CDLs_Tile_Example",
            "fused:gitRef": "94cf254b4af33030a5ee8a19d853c02dc8b48796",
            "fused:gitAuthorNames": [
              "Sina Kashuk",
              "Tyler Erickson",
              null,
              "Plinio Guzman"
            ],
            "fused:gitAuthorUsernames": [
              "kashuk",
              "tylere",
              "charlesfused",
              "pgzmnk"
            ],
            "fused:gitAuthorUrls": [
              "https://github.com/kashuk",
              "https://github.com/tylere",
              "https://github.com/charlesfused",
              "https://github.com/pgzmnk"
            ],
            "fused:gitAuthorAvatarUrls": [
              "https://avatars.githubusercontent.com/u/12432685?v=4",
              "https://avatars.githubusercontent.com/u/92862?v=4",
              "https://avatars.githubusercontent.com/u/148997493?v=4",
              "https://avatars.githubusercontent.com/u/27398253?v=4"
            ],
            "fused:gitLastModified": "2024-03-13T17:22:21+00:00",
            "fused:gitShortUrl": "https://github.com/fusedio/udfs/tree/94cf254/public/CDLs_Tile_Example/",
            "fused:explorerTab": "public"
          },
          "source": "CDLs_Tile_Example_copy.py",
          "headers": [
            {
              "module_name": "utils",
              "source_file": "utils.py"
            }
          ]
        }
      }
    ],
    "metadata": null
  }
}