{
  "version": "0.0.3",
  "job_config": {
    "version": "0.0.3",
    "name": null,
    "steps": [
      {
        "type": "udf",
        "udf": {
          "type": "geopandas_v2",
          "name": "fiboa_netherlands_table_to_tile_gdf_ndvi_colors",
          "entrypoint": "udf",
          "parameters": {},
          "metadata": {
            "fused:vizConfig": {
              "tileLayer": {
                "@@type": "TileLayer",
                "minZoom": 0,
                "maxZoom": 19,
                "tileSize": 256
              },
              "rasterLayer": {
                "@@type": "BitmapLayer",
                "pickable": true
              },
              "vectorLayer": {
                "@@type": "GeoJsonLayer",
                "stroked": true,
                "filled": true,
                "pickable": true,
                "lineWidthMinPixels": 2.51,
                "pointRadiusMinPixels": 1,
                "getLineColor": {
                  "@@function": "colorContinuous",
                  "attr": "metric",
                  "domain": [
                    5,
                    0.1
                  ],
                  "steps": 50,
                  "colors": "Emrld",
                  "nullColor": [
                    184,
                    184,
                    184
                  ]
                },
                "getFillColor": {
                  "@@function": "colorContinuous",
                  "attr": "metric",
                  "domain": [
                    5,
                    0.1
                  ],
                  "steps": 50,
                  "colors": "Emrld",
                  "nullColor": [
                    184,
                    184,
                    184
                  ]
                }
              }
            },
            "fused:udfType": "vector_tile",
            "fused:slug": "fiboa_netherlands_table_to_tile_gdf_ndvi_colors",
            "fused:name": "fiboa_netherlands_table_to_tile_gdf_ndvi_colors",
            "fused:id": "5a1aa2f0-c6f7-477a-b406-d73bb6d08c32"
          },
          "source": "fiboa_netherlands_table_to_tile_gdf_ndvi_colors.py",
          "headers": [
            {
              "module_name": "utils",
              "source_file": "utils.py"
            }
          ]
        }
      }
    ],
    "metadata": null
  }
}