{
  "version": "0.0.3",
  "job_config": {
    "version": "0.0.3",
    "name": null,
    "steps": [
      {
        "type": "udf",
        "udf": {
          "type": "geopandas_v2",
          "name": "DEM_10m_Tile_Example_copy",
          "entrypoint": "udf",
          "parameters": {},
          "metadata": {
            "fused:assetUrl": "https://fused-magic.s3.us-west-2.amazonaws.com/thumbnails/udfs-staging/DEM_10m_Tile_Example.png",
            "fused:defaultParameters": [],
            "fused:datasets": "Digital Elevation Model",
            "fused:tags": [
              {
                "id": "dem",
                "label": "dem"
              },
              {
                "id": "elevation",
                "label": "elevation"
              },
              {
                "id": "raster",
                "label": "raster"
              },
              {
                "id": "10-meter",
                "label": "10-meter"
              }
            ],
            "fused:description": "#### Overview\nU.S.-wide digital elevation data at horizontal resolutions ranging from one to sixty meters.\n\nThe USGS 3D Elevation Program (3DEP) Datasets from the National Map are the primary elevation data product produced and distributed by the USGS. The 3DEP program provides raster elevation data for the conterminous United States, Alaska, Hawaii, and the island territories, at a variety of spatial resolutions. The seamless DEM layers produced by the 3DEP program are updated frequently to integrate newly available, improved elevation source data.\n\nDEM layers are available nationally at grid spacings of 1 arc-second (approximately 30 meters) for the conterminous United States, and at approximately 1, 3, and 9 meters for parts of the United States. Most seamless DEM data for Alaska is available at a resolution of approximately 60 meters, where only lower resolution source data exist.\n#### STAC Collections\n* [Microsoft Planetary Computer](https://planetarycomputer.microsoft.com/api/stac/v1/collections/3dep-seamless)\n\n\n## Run this in any Jupyter Notebook\n\n```python\nimport fused\n\nudf = fused.load(\"https://github.com/fusedio/udfs/tree/main/public/DEM_10m_Tile_Example\")\narr = fused.run(udf=udf, x=2411, y=3079, z=13)\narr\n```\n",
            "fused:vizConfig": {
              "@@type": "TileLayer",
              "minZoom": 7,
              "maxZoom": 15,
              "tileSize": 256,
              "pickable": true,
              "subLayerConfig": {
                "@@type": "BitmapLayer"
              }
            },
            "fused:udfType": "raster",
            "fused:slug": "DEM_10m_Tile_Example_copy",
            "fused:name": "DEM_10m_Tile_Example_copy",
            "fused:defaultViewState": {
              "enable": true,
              "latitude": 38.38568043740128,
              "longitude": -77.48949130413875,
              "zoom": 9.949946744275215,
              "pitch": 0,
              "bearing": 0
            },
            "fused:gitUrl": "https://github.com/fusedio/udfs/tree/fb65aff950806cad9de176aac349bfd92cb94b9a/public/DEM_10m_Tile_Example/",
            "fused:gitShortUrl": "https://github.com/fusedio/udfs/tree/fb65aff/public/DEM_10m_Tile_Example/",
            "fused:gitPath": "public/DEM_10m_Tile_Example",
            "fused:gitRef": "fb65aff950806cad9de176aac349bfd92cb94b9a",
            "fused:gitAuthorNames": [
              "Sina Kashuk",
              "Tyler Erickson",
              null,
              "Plinio Guzman"
            ],
            "fused:gitAuthorUsernames": [
              "kashuk",
              "tylere",
              "charlesfused",
              "pgzmnk"
            ],
            "fused:gitAuthorUrls": [
              "https://github.com/kashuk",
              "https://github.com/tylere",
              "https://github.com/charlesfused",
              "https://github.com/pgzmnk"
            ],
            "fused:gitAuthorAvatarUrls": [
              "https://avatars.githubusercontent.com/u/12432685?v=4",
              "https://avatars.githubusercontent.com/u/92862?v=4",
              "https://avatars.githubusercontent.com/u/148997493?v=4",
              "https://avatars.githubusercontent.com/u/27398253?v=4"
            ],
            "fused:gitLastModified": "2024-03-13T17:22:21+00:00",
            "fused:explorerTab": "public",
            "fused:id": "d48a4960-cb7e-4e04-b3aa-b6abf08446c1"
          },
          "source": "DEM_10m_Tile_Example_copy.py",
          "headers": []
        }
      }
    ],
    "metadata": null
  }
}