{
  "version": "0.0.3",
  "job_config": {
    "version": "0.0.3",
    "name": null,
    "steps": [
      {
        "type": "udf",
        "udf": {
          "type": "geopandas_v2",
          "name": "DEM_Sentinel_white_mountains",
          "entrypoint": "udf",
          "parameters": {},
          "metadata": {
            "fused:vizConfig": {
              "tileLayer": {
                "@@type": "TileLayer",
                "minZoom": 0,
                "maxZoom": 19,
                "tileSize": 256,
                "pickable": true
              },
              "hexLayer": {
                "opacity": 2,
                "coverage": 1,
                "@@type": "H3HexagonLayer",
                "stroked": false,
                "filled": true,
                "pickable": true,
                "getHexagon": "@@=properties.hex",
                "getFillColor": "@@=[properties.agg_band1, properties.agg_band2, properties.agg_band3]",
                "getElevation": "@@=properties.metric",
                "elevationScale": 5
              }
            },
            "fused:udfType": "vector_tile",
            "fused:slug": "DEM_Sentinel_white_mountains",
            "fused:name": "DEM_Sentinel_white_mountains",
            "fused:defaultViewState": {
              "enable": false,
              "latitude": 38.89339221145854,
              "longitude": -77.02621396941808,
              "zoom": 10.983614041519468,
              "pitch": 0,
              "bearing": 0
            },
            "fused:gitUrl": "https://github.com/fusedio/udfs/tree/14f1d4a45bc26dc0100c0ed599d823ffa7130451/public/DC_AOI_Tile_Hex/",
            "fused:gitShortUrl": "https://github.com/fusedio/udfs/tree/14f1d4a/public/DC_AOI_Tile_Hex/",
            "fused:gitPath": "public/DC_AOI_Tile_Hex",
            "fused:gitRef": "14f1d4a45bc26dc0100c0ed599d823ffa7130451",
            "fused:gitAuthorNames": [
              "Sina Kashuk",
              null,
              "Isaac Brodsky",
              null,
              "Suryashankar Das",
              "Suryashankar Das",
              "Milind Soni"
            ],
            "fused:gitAuthorUsernames": [
              "kashuk",
              "fused-io-staging[bot]",
              "isaacbrodsky",
              "fused-io[bot]",
              "iamsdas-fused",
              "iamsdas",
              "milind-soni"
            ],
            "fused:gitAuthorUrls": [
              "https://github.com/kashuk",
              "https://github.com/apps/fused-io-staging",
              "https://github.com/isaacbrodsky",
              "https://github.com/apps/fused-io",
              "https://github.com/iamsdas-fused",
              "https://github.com/iamsdas",
              "https://github.com/milind-soni"
            ],
            "fused:gitAuthorAvatarUrls": [
              "https://avatars.githubusercontent.com/u/12432685?v=4",
              "https://avatars.githubusercontent.com/in/885821?v=4",
              "https://avatars.githubusercontent.com/u/9139378?v=4",
              "https://avatars.githubusercontent.com/in/834700?v=4",
              "https://avatars.githubusercontent.com/u/200643783?v=4",
              "https://avatars.githubusercontent.com/u/26461855?v=4",
              "https://avatars.githubusercontent.com/u/46266943?v=4"
            ],
            "fused:gitLastModified": "2025-03-28T10:29:14+00:00",
            "fused:gitRepo": "fusedio/udfs",
            "fused:id": "e741dca9-cda8-47a0-a0ca-aa345b91724b",
            "fused:assetUrl": "https://fused-magic.s3.us-west-2.amazonaws.com/thumbnails/udfs-staging/DC_AOI_Example.png",
            "fused:description": "Exported from Fused UDF Workbench\n\n"
          },
          "source": "DEM_Sentinel_white_mountains.py",
          "headers": [
            {
              "module_name": "utils",
              "source_file": "utils.py"
            }
          ]
        }
      }
    ],
    "metadata": null
  }
}