{
  "version": "0.0.3",
  "job_config": {
    "version": "0.0.3",
    "name": null,
    "steps": [
      {
        "type": "udf",
        "udf": {
          "type": "geopandas_v2",
          "name": "overture_connectors_h3",
          "entrypoint": "udf",
          "parameters": {},
          "metadata": {
            "collectionMeta": {
              "join_pois_with_overture_copy": {
                "position": 2
              }
            },
            "fused:vizConfig": {
              "tileLayer": {
                "@@type": "TileLayer",
                "minZoom": 0,
                "maxZoom": 19,
                "tileSize": 256,
                "pickable": true
              },
              "rasterLayer": {
                "@@type": "BitmapLayer"
              },
              "vectorLayer": {
                "@@type": "GeoJsonLayer",
                "stroked": true,
                "filled": true,
                "pickable": true,
                "lineWidthMinPixels": 1,
                "getLineColor": {
                  "@@function": "colorContinuous",
                  "attr": "cnt",
                  "domain": [
                    0,
                    50
                  ],
                  "colors": "Earth",
                  "nullColor": [
                    184,
                    184,
                    184
                  ]
                },
                "getFillColor": [
                  255,
                  0,
                  0,
                  0
                ]
              },
              "hexLayer": {
                "@@type": "H3HexagonLayer",
                "stroked": false,
                "filled": true,
                "pickable": true,
                "extruded": false,
                "opacity": 0.4,
                "coverage": 1,
                "lineWidthMinPixels": 0,
                "getHexagon": "@@=properties.hex",
                "getLineColor": {
                  "@@function": "colorContinuous",
                  "attr": "value",
                  "domain": [
                    0,
                    10
                  ],
                  "colors": "TealGrn",
                  "nullColor": [
                    184,
                    184,
                    184
                  ]
                },
                "getFillColor": {
                  "@@function": "colorContinuous",
                  "attr": "cnt",
                  "domain": [
                    0,
                    35
                  ],
                  "colors": "Geyser",
                  "nullColor": [
                    184,
                    184,
                    184
                  ]
                },
                "getElevation": {
                  "@@function": "hasProp",
                  "property": "cnt",
                  "present": "@@=properties.cnt",
                  "absent": 1
                },
                "elevationScale": 15
              }
            },
            "fused:udfType": "auto",
            "fused:slug": "overture_connectors_h3",
            "fused:name": "overture_connectors_h3",
            "fused:id": "52a0d572-3ad8-4dd6-807b-6f782504217c"
          },
          "source": "overture_connectors_h3.py",
          "headers": [
            {
              "module_name": "utils",
              "source_file": "utils.py"
            }
          ]
        }
      }
    ],
    "metadata": null
  }
}