{
  "version": "0.0.3",
  "job_config": {
    "version": "0.0.3",
    "name": null,
    "steps": [
      {
        "type": "udf",
        "udf": {
          "type": "geopandas_v2",
          "name": "fused_version_cab_buildings_nyc",
          "entrypoint": "udf",
          "parameters": {},
          "metadata": {
            "fused:defaultViewState": {
              "enable": true,
              "latitude": 40.75277778106036,
              "longitude": -73.97558786362906,
              "zoom": 12.602798404020534,
              "pitch": 49.43333333333334,
              "bearing": -15
            },
            "fused:vizConfig": {
              "tileLayer": {
                "@@type": "TileLayer",
                "minZoom": 0,
                "maxZoom": 19,
                "tileSize": 256,
                "pickable": true
              },
              "rasterLayer": {
                "@@type": "BitmapLayer",
                "pickable": true
              },
              "vectorLayer": {
                "@@type": "GeoJsonLayer",
                "stroked": false,
                "filled": true,
                "pickable": true,
                "extruded": false,
                "opacity": 0.5,
                "getElevation": "@@=properties.cnt/65",
                "lineWidthMinPixels": 1,
                "pointRadiusMinPixels": 1,
                "getFillColor": {
                  "@@function": "colorContinuous",
                  "attr": "cnt",
                  "domain": [
                    0,
                    10000
                  ],
                  "colors": "OrYel",
                  "nullColor": [
                    184,
                    184,
                    184
                  ]
                }
              }
            },
            "fused:udfType": "vector_tile",
            "fused:slug": "fused_version_cab_buildings_nyc",
            "fused:name": "fused_version_cab_buildings_nyc",
            "fused:id": "3fff0f8f-a8ce-43c5-a48f-04b731c01788"
          },
          "source": "fused_version_cab_buildings_nyc.py",
          "headers": []
        }
      }
    ],
    "metadata": null
  }
}