{
  "version": "0.0.3",
  "job_config": {
    "version": "0.0.3",
    "name": null,
    "steps": [
      {
        "type": "udf",
        "udf": {
          "type": "geopandas_v2",
          "name": "cisi_raster_to_array",
          "entrypoint": "udf",
          "parameters": {},
          "metadata": {
            "fused:vizConfig": {
              "tileLayer": {
                "@@type": "TileLayer",
                "minZoom": 0,
                "maxZoom": 19,
                "tileSize": 256,
                "pickable": true
              },
              "rasterLayer": {
                "@@type": "BitmapLayer",
                "pickable": true
              },
              "vectorLayer": {
                "@@type": "GeoJsonLayer",
                "stroked": true,
                "filled": false,
                "pickable": true,
                "lineWidthMinPixels": 1,
                "pointRadiusMinPixels": 1,
                "getLineColor": {
                  "@@function": "hasProp",
                  "property": "r",
                  "present": "@@=[properties.r, properties.g, properties.b]",
                  "absent": [
                    255,
                    0,
                    255
                  ]
                },
                "getFillColor": [
                  255,
                  0,
                  0,
                  40
                ]
              }
            },
            "fused:udfType": "auto",
            "fused:slug": "cisi_raster_to_array",
            "fused:name": "cisi_raster_to_array"
          },
          "source": "cisi_raster_to_array.py",
          "headers": []
        }
      }
    ],
    "metadata": null
  }
}