{
  "version": "0.0.3",
  "job_config": {
    "version": "0.0.3",
    "name": null,
    "steps": [
      {
        "type": "udf",
        "udf": {
          "type": "geopandas_v2",
          "name": "mosaic_sattelite_zarr_goes_lwir_chip_len",
          "entrypoint": "udf",
          "parameters": {},
          "metadata": {
            "fused:name": "mosaic_sattelite_zarr_goes_lwir_chip_len",
            "fused:slug": "mosaic_sattelite_zarr_goes_lwir_chip_len",
            "fused:userCreatedShareToken": "fsh_7i6SozpWc6PcvEpylPEEdi",
            "fused:defaultViewState": {
              "enable": false,
              "latitude": 34.61075340181457,
              "longitude": -71.74362061020291,
              "zoom": 2.143123537971085,
              "pitch": 0,
              "bearing": 0
            },
            "fused:vizConfig": {
              "tileLayer": {
                "@@type": "TileLayer",
                "minZoom": 0,
                "maxZoom": 19,
                "tileSize": 256
              },
              "rasterLayer": {
                "@@type": "BitmapLayer",
                "pickable": true
              },
              "vectorLayer": {
                "@@type": "GeoJsonLayer",
                "stroked": true,
                "filled": false,
                "pickable": true,
                "lineWidthMinPixels": 1,
                "pointRadiusMinPixels": 1,
                "getLineColor": {
                  "@@function": "colorContinuous",
                  "attr": "value",
                  "domain": [
                    0,
                    10
                  ],
                  "steps": 20,
                  "colors": "Teal",
                  "nullColor": [
                    184,
                    184,
                    184
                  ]
                },
                "getFillColor": [
                  208,
                  208,
                  208,
                  40
                ]
              }
            },
            "fused:udfType": "vector_single",
            "fused:id": "02b5177a-e444-4890-923f-a456718e838d"
          },
          "source": "mosaic_sattelite_zarr_goes_lwir_chip_len.py",
          "headers": []
        }
      }
    ],
    "metadata": null
  }
}