{
  "version": "0.0.3",
  "job_config": {
    "version": "0.0.3",
    "name": null,
    "steps": [
      {
        "type": "udf",
        "udf": {
          "type": "geopandas_v2",
          "name": "Landsat_Thermal_Temp",
          "entrypoint": "udf",
          "parameters": {},
          "metadata": {
            "fused:vizConfig": {
              "tileLayer": {
                "@@type": "TileLayer",
                "minZoom": 0,
                "maxZoom": 19,
                "tileSize": 256,
                "pickable": true
              },
              "rasterLayer": {
                "@@type": "BitmapLayer",
                "pickable": true
              },
              "vectorLayer": {
                "@@type": "GeoJsonLayer",
                "stroked": true,
                "filled": false,
                "pickable": true,
                "lineWidthMinPixels": 1,
                "getLineColor": {
                  "@@function": "hasProp",
                  "property": "r",
                  "present": "@@=[properties.r, properties.g, properties.b]",
                  "absent": [
                    255,
                    0,
                    255
                  ]
                },
                "getFillColor": [
                  255,
                  0,
                  0,
                  40
                ]
              }
            },
            "fused:udfType": "vector_tile",
            "fused:slug": "Landsat_Thermal_Temp",
            "fused:name": "Landsat_Thermal_Temp",
            "fused:defaultParameters": [],
            "fused:tags": [
              {
                "id": "raster",
                "label": "raster"
              },
              {
                "id": "30-meter",
                "label": "30-meter"
              },
              {
                "id": "aws",
                "label": "aws"
              }
            ],
            "fused:assetUrl": "https://fused-magic.s3.us-west-2.amazonaws.com/thumbnails/udfs-staging/Landsat_Tile_Example.png",
            "fused:description": "## Overview\n\nLandsat Collection 2 offers global Level-2 surface reflectance and temperature products. These are generated from Collection 2 Level-1 inputs meeting specific criteria, including a Solar Zenith Angle constraint of <76 degrees and required auxiliary data inputs.\n\n## External links\n\n- [Landsat Official Website](https://www.usgs.gov/landsat-missions/landsat-collection-2-level-2-science-products)\n\n## Run this in any Jupyter Notebook\n\n```python\nimport fused\n\nudf = fused.load(\"https://github.com/fusedio/udfs/tree/main/public/LULC_Tile_Example\")\narr = fused.run(udf=udf, x=5241, y=12667, z=15)\narr\n```",
            "fused:gitUrl": "https://github.com/fusedio/udfs/tree/441bf2420f44c5edbe957ed2d6a03638425ac038/public/Landsat_Tile_Example/",
            "fused:gitShortUrl": "https://github.com/fusedio/udfs/tree/441bf24/public/Landsat_Tile_Example/",
            "fused:gitPath": "public/Landsat_Tile_Example",
            "fused:gitRef": "441bf2420f44c5edbe957ed2d6a03638425ac038",
            "fused:gitAuthorNames": [
              "Sina Kashuk",
              "Tyler Erickson",
              "Mehran Ghandehari",
              null,
              "Plinio Guzman"
            ],
            "fused:gitAuthorUsernames": [
              "kashuk",
              "tylere",
              "mehran66",
              "charlesfused",
              "pgzmnk"
            ],
            "fused:gitAuthorUrls": [
              "https://github.com/kashuk",
              "https://github.com/tylere",
              "https://github.com/mehran66",
              "https://github.com/charlesfused",
              "https://github.com/pgzmnk"
            ],
            "fused:gitAuthorAvatarUrls": [
              "https://avatars.githubusercontent.com/u/12432685?v=4",
              "https://avatars.githubusercontent.com/u/92862?v=4",
              "https://avatars.githubusercontent.com/u/10367311?v=4",
              "https://avatars.githubusercontent.com/u/148997493?v=4",
              "https://avatars.githubusercontent.com/u/27398253?v=4"
            ],
            "fused:gitLastModified": "2024-03-13T17:22:21+00:00",
            "fused:explorerTab": "public",
            "fused:id": "c8986323-081a-41da-a67a-2a553205cb48"
          },
          "source": "Landsat_Thermal_Temp.py",
          "headers": []
        }
      }
    ],
    "metadata": null
  }
}