{
  "version": "0.0.3",
  "job_config": {
    "version": "0.0.3",
    "name": null,
    "steps": [
      {
        "type": "udf",
        "udf": {
          "type": "geopandas_v2",
          "name": "Sentinel_Tile_Example_1_vv",
          "entrypoint": "udf",
          "parameters": {},
          "metadata": {
            "fused:vizConfig": {
              "tileLayer": {
                "@@type": "TileLayer",
                "minZoom": 0,
                "maxZoom": 19,
                "tileSize": 256,
                "pickable": true
              },
              "rasterLayer": {
                "@@type": "BitmapLayer",
                "pickable": true
              },
              "vectorLayer": {
                "@@type": "GeoJsonLayer",
                "stroked": true,
                "filled": false,
                "pickable": true,
                "lineWidthMinPixels": 1,
                "getLineColor": {
                  "@@function": "hasProp",
                  "property": "r",
                  "present": "@@=[properties.r, properties.g, properties.b]",
                  "absent": [
                    255,
                    0,
                    255
                  ]
                },
                "getFillColor": [
                  255,
                  0,
                  0,
                  40
                ]
              }
            },
            "fused:udfType": "auto",
            "fused:slug": "Sentinel_Tile_Example_1_vv",
            "fused:name": "Sentinel_Tile_Example_1_vv",
            "fused:defaultParameters": [],
            "fused:datasets": "Sentinel 2",
            "fused:id": "85834b42-910b-482e-bc5f-53d8ba3700f8",
            "fused:gitUrl": "https://github.com/fusedio/udfs/tree/58288bff7b5f34bff100b24b0edd226cbada4970/public/Sentinel_Tile_Example/",
            "fused:gitPath": "public/Sentinel_Tile_Example",
            "fused:gitRef": "58288bff7b5f34bff100b24b0edd226cbada4970",
            "fused:gitAuthorNames": [
              "Sina Kashuk",
              "Tyler Erickson",
              null,
              "Plinio Guzman",
              "Isaac Brodsky",
              null,
              "Maxime Lenormand"
            ],
            "fused:gitAuthorUsernames": [
              "kashuk",
              "tylere",
              "charlesfused",
              "pgzmnk",
              "isaacbrodsky",
              "fused-io[bot]",
              "MaxLenormand"
            ],
            "fused:gitAuthorUrls": [
              "https://github.com/kashuk",
              "https://github.com/tylere",
              "https://github.com/charlesfused",
              "https://github.com/pgzmnk",
              "https://github.com/isaacbrodsky",
              "https://github.com/apps/fused-io",
              "https://github.com/MaxLenormand"
            ],
            "fused:gitAuthorAvatarUrls": [
              "https://avatars.githubusercontent.com/u/12432685?v=4",
              "https://avatars.githubusercontent.com/u/92862?v=4",
              "https://avatars.githubusercontent.com/u/148997493?v=4",
              "https://avatars.githubusercontent.com/u/27398253?v=4",
              "https://avatars.githubusercontent.com/u/9139378?v=4",
              "https://avatars.githubusercontent.com/in/834700?v=4",
              "https://avatars.githubusercontent.com/u/44133329?v=4"
            ],
            "fused:gitLastModified": "2025-01-29T13:56:41+00:00",
            "fused:gitShortUrl": "https://github.com/fusedio/udfs/tree/58288bf/public/Sentinel_Tile_Example/",
            "fused:explorerTab": "public",
            "fused:gitRepo": "fusedio/udfs",
            "fused:gitPullRequestBranch": "max@fused.io-patch-Fixing-min-resolution-requireme",
            "fused:gitPullRequestLink": "https://github.com/fusedio/udfs/pull/372",
            "fused:assetUrl": "https://fused-magic.s3.us-west-2.amazonaws.com/thumbnails/udfs-staging/Sentinel_Tile_Example.png",
            "fused:tags": [
              {
                "id": "usgs",
                "label": "usgs"
              },
              {
                "id": "hillshade",
                "label": "hillshade"
              }
            ],
            "fused:description": "### Overview [link](https://planetarycomputer.microsoft.com/dataset/sentinel-2-l2a)\nThe [Sentinel-2](https://sentinel.esa.int/web/sentinel/missions/sentinel-2) program provides global imagery in thirteen spectral bands at 10m-60m resolution and a revisit time of approximately five days. This dataset represents the global Sentinel-2 archive, from 2016 to the present, processed to L2A (bottom-of-atmosphere) using Sen2Cor and converted to cloud-optimized GeoTIFF format.\n\n### External links\n* [Reference](https://planetarycomputer.microsoft.com/dataset/sentinel-2-l2a)\n* [AWS Earth Search STAC](https://earth-search.aws.element84.com/v1/collections/sentinel-2-l2a)\n* [Microsoft Planetary Computer STAC](https://planetarycomputer.microsoft.com/api/stac/v1/collections/sentinel-2-l2a)\n\n## Run this in any Jupyter Notebook\n\n```python\nimport fused\n\nudf = fused.load(\"https://github.com/fusedio/udfs/tree/main/public/Sentinel_Tile_Example\")\narr = fused.run(udf, x=5241, y=12667, z=15)\narr\n```\n",
            "fused:explorerPin": "14"
          },
          "source": "Sentinel_Tile_Example_1_vv.py",
          "headers": [
            {
              "module_name": "utils",
              "source_file": "utils.py"
            }
          ]
        }
      }
    ],
    "metadata": null
  }
}