{
  "version": "0.0.3",
  "job_config": {
    "version": "0.0.3",
    "name": null,
    "steps": [
      {
        "type": "udf",
        "udf": {
          "type": "geopandas_v2",
          "name": "DC_AOI_Tile_Hex",
          "entrypoint": "udf",
          "parameters": {},
          "metadata": {
            "fused:vizConfig": {
              "tileLayer": {
                "@@type": "TileLayer",
                "minZoom": 0,
                "maxZoom": 19,
                "tileSize": 256,
                "pickable": true
              },
              "hexLayer": {
                "opacity": 2,
                "@@type": "H3HexagonLayer",
                "stroked": false,
                "filled": true,
                "pickable": true,
                "getHexagon": "@@=properties.hex",
                "getFillColor": "@@=[properties.agg_band1, properties.agg_band2, properties.agg_band3]",
                "getElevation": "@@=properties.agg_band1",
                "elevationScale": 0
              }
            },
            "fused:udfType": "auto",
            "fused:slug": "DC_AOI_Tile_Hex",
            "fused:name": "DC_AOI_Tile_Hex",
            "fused:defaultViewState": {
              "enable": true,
              "latitude": 38.89339221145854,
              "longitude": -77.02621396941808,
              "zoom": 10.983614041519468,
              "pitch": 0,
              "bearing": 0
            },
            "fused:gitPath": "community/sina/DC_AOI_Tile_Hex",
            "fused:gitRef": "1d4c5fce4800eb1a498d1511d48831f2e9295555",
            "fused:gitAuthorNames": [
              null,
              null
            ],
            "fused:gitAuthorUsernames": [
              "MaxLenormand",
              "milind-soni"
            ],
            "fused:gitAuthorUrls": [
              "https://github.com/MaxLenormand",
              "https://github.com/milind-soni"
            ],
            "fused:gitAuthorAvatarUrls": [
              "https://avatars.githubusercontent.com/u/44133329?v=4",
              "https://avatars.githubusercontent.com/u/46266943?v=4"
            ],
            "fused:gitLastModified": "2025-07-30T01:01:18+00:00",
            "fused:explorerTab": "self",
            "fused:gitRepo": "fusedio/udfs",
            "fused:userCreatedShareToken": "fsh_553hzHM4xk3l8XNzbixpCw",
            "fused:gitShortUrl": "https://github.com/fusedio/udfs/tree/1d4c5fc/community/sina/DC_AOI_Tile_Hex/",
            "fused:assetUrl": "https://fused-magic.s3.us-west-2.amazonaws.com/thumbnails/udfs-staging/DC_AOI_Example.png",
            "fused:description": "Exported from Fused UDF Workbench\n\n",
            "fused:explorerPin": "9"
          },
          "source": "DC_AOI_Tile_Hex.py",
          "headers": []
        }
      }
    ],
    "metadata": null
  }
}