{
  "version": "0.0.3",
  "job_config": {
    "version": "0.0.3",
    "name": null,
    "steps": [
      {
        "type": "udf",
        "udf": {
          "type": "geopandas_v2",
          "name": "subway_nyc_isochrones_15_parquet",
          "entrypoint": "udf",
          "parameters": {},
          "metadata": {
            "fused:vizConfig": {
              "tileLayer": {
                "@@type": "TileLayer",
                "minZoom": 0,
                "maxZoom": 19,
                "tileSize": 256,
                "pickable": true
              },
              "rasterLayer": {
                "@@type": "BitmapLayer",
                "pickable": true
              },
              "vectorLayer": {
                "@@type": "GeoJsonLayer",
                "stroked": false,
                "filled": true,
                "pickable": true,
                "extruded": false,
                "opacity": 1,
                "lineWidthMinPixels": 1,
                "pointRadiusMinPixels": 1,
                "getElevation": {
                  "@@function": "hasProp",
                  "property": "height",
                  "present": "@@=properties.height",
                  "absent": 1
                },
                "elevationScale": 10,
                "getFillColor": {
                  "@@function": "colorContinuous",
                  "attr": "cnt",
                  "domain": [
                    0,
                    13
                  ],
                  "colors": "Sunset",
                  "nullColor": [
                    184,
                    184,
                    184
                  ]
                }
              }
            },
            "fused:udfType": "vector_tile",
            "fused:slug": "subway_nyc_isochrones_15_parquet",
            "fused:name": "subway_nyc_isochrones_15_parquet",
            "fused:id": "e0a75a41-0cba-4fa3-a05a-9f272e53dfa2",
            "fused:gitUrl": "https://github.com/fusedio/udfs/tree/ca262bef10b2774c4b4b58fc04548863efff2364/files/Pandas_Parquet/",
            "fused:gitShortUrl": "https://github.com/fusedio/udfs/tree/ca262be/files/Pandas_Parquet/",
            "fused:gitPath": "files/Pandas_Parquet",
            "fused:gitRef": "ca262bef10b2774c4b4b58fc04548863efff2364",
            "fused:assetUrl": "https://fused-magic.s3.us-west-2.amazonaws.com/thumbnails/udf_cards/pd_parquet.png",
            "fused:description": "Read a Parquet or Geoparquet file.\n",
            "fused:gitAuthorNames": [
              "Isaac Brodsky",
              "Plinio Guzman"
            ],
            "fused:gitAuthorUsernames": [
              "isaacbrodsky",
              "pgzmnk"
            ],
            "fused:gitAuthorUrls": [
              "https://github.com/isaacbrodsky",
              "https://github.com/pgzmnk"
            ],
            "fused:gitAuthorAvatarUrls": [
              "https://avatars.githubusercontent.com/u/9139378?v=4",
              "https://avatars.githubusercontent.com/u/27398253?v=4"
            ],
            "fused:gitLastModified": "2024-10-24T17:26:12+00:00",
            "fused:gitRepo": "fusedio/udfs"
          },
          "source": "subway_nyc_isochrones_15_parquet.py",
          "headers": [
            {
              "module_name": "utils",
              "source_file": "utils.py"
            }
          ]
        }
      }
    ],
    "metadata": null
  }
}