{
  "version": "0.0.3",
  "job_config": {
    "version": "0.0.3",
    "name": null,
    "steps": [
      {
        "type": "udf",
        "udf": {
          "type": "geopandas_v2",
          "name": "Flood_Risk_Analysis_companion_to_h3",
          "entrypoint": "udf",
          "parameters": {},
          "metadata": {
            "fused:defaultParameters": [
              {
                "parameter": "year",
                "value": "2022"
              },
              {
                "parameter": "water_buffer",
                "value": "",
                "type": "string",
                "suggestedValues": []
              }
            ],
            "fused:assetUrl": "https://fused-magic.s3.us-west-2.amazonaws.com/thumbnails/udfs-staging/LULC_Tile_Example.png",
            "fused:datasets": "Land Use Land Cover",
            "fused:description": "#### Overview\nTime series of annual global maps of land use and land cover (LULC). It currently has data from 2017-2022. The maps are derived from ESA Sentinel-2 imagery at 10m resolution. Each map is a composite of LULC predictions for 9 classes throughout the year in order to generate a representative snapshot of each year.\n\nThis dataset was generated by Impact Observatory, who used billions of human-labeled pixels (curated by the National Geographic Society) to train a deep learning model for land classification. The global map was produced by applying this model to the Sentinel-2 annual scene collections on the Planetary Computer. Each of the maps has an assessed average accuracy of over 75%.\n\nThis map uses an updated model from the 10-class model and combines Grass(formerly class 3) and Scrub (formerly class 6) into a single Rangeland class (class 11). The original Esri 2020 Land Cover collection uses 10 classes (Grass and Scrub separate) and an older version of the underlying deep learning model. The Esri 2020 Land Cover map was also produced by Impact Observatory. The map remains available for use in existing applications. New applications should use the updated version of 2020 once it is available in this collection, especially when using data from multiple years of this time series, to ensure consistent classification.\n\nAll years are available under a Creative Commons BY-4.0.\n\n#### STAC Collections\n* Microsoft Planetary Computer [link](https://planetarycomputer.microsoft.com/api/stac/v1/collections/io-lulc-9-class)\n\n## Run this in any Jupyter Notebook\n\n```python\nimport fused\n\nudf = fused.load(\"https://github.com/fusedio/udfs/tree/main/public/LULC_Tile_Example\")\narr = fused.run(udf=udf, x=5241, y=12667, z=15)\narr\n```",
            "fused:tags": [
              {
                "id": "Buffer",
                "label": "Buffer"
              },
              {
                "id": "Rasterio",
                "label": "Rasterio"
              },
              {
                "id": "Fused",
                "label": "Fused"
              },
              {
                "id": "CooP",
                "label": "CooP"
              },
              {
                "id": "Overture",
                "label": "Overture"
              }
            ],
            "fused:vizConfig": {
              "@@type": "TileLayer",
              "minZoom": 0,
              "maxZoom": 19,
              "tileSize": 256,
              "pickable": true,
              "subLayerConfig": {
                "@@type": "BitmapLayer"
              }
            },
            "fused:udfType": "raster",
            "fused:slug": "Flood_Risk_Analysis_companion_to_h3",
            "fused:name": "Flood_Risk_Analysis_companion_to_h3",
            "fused:defaultViewState": {
              "enable": true,
              "latitude": -0.7623204914477872,
              "longitude": 36.36477639838356,
              "zoom": 9.80776433233219,
              "pitch": 0,
              "bearing": 0
            },
            "fused:gitUrl": "https://github.com/fusedio/udfs/tree/3cee82ff63cc215f947a11f133d92813a57dd170/community/K_Njoroge/Flood_Risk_Analysis/",
            "fused:gitShortUrl": "https://github.com/fusedio/udfs/tree/3cee82f/community/K_Njoroge/Flood_Risk_Analysis/",
            "fused:gitPath": "community/K_Njoroge/Flood_Risk_Analysis",
            "fused:gitRef": "3cee82ff63cc215f947a11f133d92813a57dd170",
            "fused:gitAuthorNames": [
              "Plinio Guzman"
            ],
            "fused:gitAuthorUsernames": [
              "pgzmnk"
            ],
            "fused:gitAuthorUrls": [
              "https://github.com/pgzmnk"
            ],
            "fused:gitAuthorAvatarUrls": [
              "https://avatars.githubusercontent.com/u/27398253?v=4"
            ],
            "fused:gitLastModified": "2024-07-30T19:49:03+00:00",
            "fused:explorerTab": "community",
            "fused:gitRepo": "fusedio/udfs",
            "fused:id": "0317fc77-2015-4d1a-af45-bdf94faaba2e"
          },
          "source": "Flood_Risk_Analysis_companion_to_h3.py",
          "headers": [
            {
              "module_name": "utils",
              "source_file": "utils.py"
            }
          ]
        }
      }
    ],
    "metadata": null
  }
}