{
  "version": "0.0.3",
  "job_config": {
    "version": "0.0.3",
    "name": null,
    "steps": [
      {
        "type": "udf",
        "udf": {
          "type": "geopandas_v2",
          "name": "AirBnb_Listings_reviews",
          "entrypoint": "udf",
          "parameters": {},
          "metadata": {
            "fused:tags": [
              {
                "id": "H3-vector",
                "label": "H3-vector"
              },
              {
                "id": "airbnb",
                "label": "airbnb"
              },
              {
                "id": "Aggregation",
                "label": "Aggregation"
              },
              {
                "id": "DuckDB",
                "label": "DuckDB"
              },
              {
                "id": "csv",
                "label": "csv"
              }
            ],
            "fused:vizConfig": {
              "tileLayer": {
                "@@type": "TileLayer",
                "minZoom": 0,
                "maxZoom": 19,
                "tileSize": 256,
                "pickable": true
              },
              "rasterLayer": {
                "@@type": "BitmapLayer",
                "pickable": true
              },
              "vectorLayer": {
                "@@type": "GeoJsonLayer",
                "stroked": true,
                "filled": true,
                "pickable": true,
                "lineWidthMinPixels": 0.01,
                "pointRadiusMinPixels": 0.1,
                "getFillColor": {
                  "@@function": "colorContinuous",
                  "attr": "reviews",
                  "domain": [
                    1,
                    500
                  ],
                  "colors": "Peach",
                  "nullColor": [
                    184,
                    184,
                    184
                  ]
                }
              }
            },
            "fused:udfType": "auto",
            "fused:slug": "AirBnb_Listings_reviews",
            "fused:name": "AirBnb_Listings_reviews",
            "fused:id": "d5058eb2-a051-48f3-8e56-e64780fb9e15",
            "fused:assetUrl": "https://www.geomermaids.com/wp-content/uploads/2024/04/airbnb_new_orleans.png",
            "fused:defaultViewState": {
              "enable": false,
              "latitude": 42.34986928193666,
              "longitude": -71.08157866743917,
              "zoom": 11.95186270989124,
              "pitch": 0,
              "bearing": 0
            },
            "fused:description": "## Overview\n\nInteractive AirBnB offer map, generated from the data located at https://insideairbnb.com/get-the-data/\n",
            "fused:gitUrl": "https://github.com/fusedio/udfs/tree/551213e5001e5f752ee307cae56578682dced5a6/public/AirBnb_Listings/",
            "fused:gitShortUrl": "https://github.com/fusedio/udfs/tree/551213e/public/AirBnb_Listings/",
            "fused:gitPath": "public/AirBnb_Listings",
            "fused:gitRef": "551213e5001e5f752ee307cae56578682dced5a6",
            "fused:gitAuthorNames": [
              "Guillaume SUEUR",
              "Isaac Brodsky",
              "Plinio Guzman"
            ],
            "fused:gitAuthorUsernames": [
              "gsueur",
              "isaacbrodsky",
              "pgzmnk"
            ],
            "fused:gitAuthorUrls": [
              "https://github.com/gsueur",
              "https://github.com/isaacbrodsky",
              "https://github.com/pgzmnk"
            ],
            "fused:gitAuthorAvatarUrls": [
              "https://avatars.githubusercontent.com/u/1681817?v=4",
              "https://avatars.githubusercontent.com/u/9139378?v=4",
              "https://avatars.githubusercontent.com/u/27398253?v=4"
            ],
            "fused:gitLastModified": "2024-07-02T15:37:29+00:00",
            "fused:defaultParameters": [
              {
                "parameter": "city",
                "value": "",
                "type": "string",
                "suggestedValues": [
                  "Paris",
                  "London",
                  "Sydney",
                  "Boston",
                  "New York City",
                  "San Francisco",
                  "Twin Cities MSA",
                  "Chicago",
                  "Istanbul",
                  "Rome",
                  "Lisbon",
                  "Berlin",
                  "New Orleans",
                  "Los Angeles",
                  "Dallas",
                  "Copenhagen",
                  "Cape Town",
                  "Buenos Aires",
                  "Brussels"
                ]
              }
            ],
            "fused:explorerTab": "public",
            "fused:gitRepo": "fusedio/udfs",
            "fused:sharedToken": "UDF_AirBnb_Listings"
          },
          "source": "AirBnb_Listings_reviews.py",
          "headers": []
        }
      }
    ],
    "metadata": null
  }
}