{
  "version": "0.0.3",
  "job_config": {
    "version": "0.0.3",
    "name": null,
    "steps": [
      {
        "type": "udf",
        "udf": {
          "type": "geopandas_v2",
          "name": "dem_10meter_tile_hex_3",
          "entrypoint": "udf",
          "parameters": {},
          "metadata": {
            "fused:defaultViewState": {
              "enable": false,
              "latitude": 46.10588058508001,
              "longitude": -118.57170329496319,
              "zoom": 9.03155089565184,
              "pitch": 0,
              "bearing": 68.2
            },
            "fused:vizConfig": {
              "tileLayer": {
                "@@type": "TileLayer",
                "minZoom": 0,
                "maxZoom": 14,
                "tileSize": 256,
                "extrude": true,
                "pickable": true
              },
              "hexLayer": {
                "opacity": 1,
                "coverage": 1,
                "@@type": "H3HexagonLayer",
                "stroked": false,
                "filled": true,
                "pickable": true,
                "extruded": true,
                "getHexagon": "@@=properties.hex",
                "getFllColor": [
                  255,
                  255,
                  255
                ],
                "getFillColor": {
                  "@@function": "colorContinuous",
                  "attr": "metric",
                  "domain": [
                    4000,
                    1500,
                    850
                  ],
                  "steps": 50,
                  "colors": "Emrld",
                  "nullColor": [
                    0,
                    0,
                    255
                  ]
                },
                "getFilColor": "@@=[properties.metric*1, properties.metric*0.3, properties.metric*0.1]",
                "getElevation": "@@=properties.metric",
                "elevationScale": 2
              }
            },
            "fused:udfType": "vector_tile",
            "fused:slug": "dem_10meter_tile_hex_3",
            "fused:name": "dem_10meter_tile_hex_3",
            "fused:id": "8dd0c320-14fa-4381-acfe-9810d51b1073",
            "fused:userCreatedShareToken": "fsh_5oDZgepOmwcmW5Ira4HM1T"
          },
          "source": "dem_10meter_tile_hex_3.py",
          "headers": [
            {
              "module_name": "utils",
              "source_file": "utils.py"
            }
          ]
        }
      }
    ],
    "metadata": null
  }
}