{
  "version": "0.0.3",
  "job_config": {
    "version": "0.0.3",
    "name": null,
    "steps": [
      {
        "type": "udf",
        "udf": {
          "type": "geopandas_v2",
          "name": "Landsat_Tile_Example_mndwi",
          "entrypoint": "udf",
          "parameters": {},
          "metadata": {
            "fused:vizConfig": {
              "tileLayer": {
                "@@type": "TileLayer",
                "minZoom": 0,
                "maxZoom": 19,
                "tileSize": 256,
                "pickable": true
              },
              "rasterLayer": {
                "@@type": "BitmapLayer",
                "pickable": true
              },
              "vectorLayer": {
                "@@type": "H3HexagonLayer",
                "stroked": false,
                "filled": true,
                "extruded": true,
                "pickable": true,
                "opacity": 0.2,
                "getHexagon": "@@=properties.hex",
                "coverage": 10,
                "lineWidthMinPixels": 1,
                "pointRadiusMinPixels": 1,
                "getElevation": {
                  "@@function": "hasProp",
                  "property": "data",
                  "present": "@@=properties.data",
                  "absent": 1
                },
                "elevationScale": 70,
                "getFillColor": [
                  0,
                  0,
                  255
                ]
              }
            },
            "fused:udfType": "vector_tile",
            "fused:slug": "Landsat_Tile_Example_mndwi",
            "fused:name": "Landsat_Tile_Example_mndwi",
            "fused:defaultParameters": [],
            "fused:tags": [
              {
                "id": "band-algebra",
                "label": "band-algebra"
              },
              {
                "id": "s3",
                "label": "s3"
              },
              {
                "id": "element84",
                "label": "element84"
              },
              {
                "id": "remove-clouds",
                "label": "remove-clouds"
              },
              {
                "id": "stac",
                "label": "stac"
              }
            ],
            "fused:assetUrl": "https://fused-magic.s3.us-west-2.amazonaws.com/thumbnails/udfs-staging/Landsat_Tile_Example.png",
            "fused:description": "## Overview\n\nLandsat Collection 2 offers global Level-2 surface reflectance and temperature products. These are generated from Collection 2 Level-1 inputs meeting specific criteria, including a Solar Zenith Angle constraint of <76 degrees and required auxiliary data inputs.\n\n## External links\n\n- [Landsat Official Website](https://www.usgs.gov/landsat-missions/landsat-collection-2-level-2-science-products)\n\n## Run this in any Jupyter Notebook\n\n```python\nimport fused\n\nudf = fused.load(\"https://github.com/fusedio/udfs/tree/main/public/LULC_Tile_Example\")\narr = fused.run(udf=udf, x=5241, y=12667, z=15)\narr\n```\n",
            "fused:id": "9b0d2d9a-225d-446b-9cac-d3a8bdc73350",
            "fused:gitUrl": "https://github.com/fusedio/udfs/tree/bdfb4d092b0942a7a9ac73f7f49908f65b63907c/public/Landsat_Tile_Example/",
            "fused:gitShortUrl": "https://github.com/fusedio/udfs/tree/bdfb4d0/public/Landsat_Tile_Example/",
            "fused:gitPath": "public/Landsat_Tile_Example",
            "fused:gitRef": "bdfb4d092b0942a7a9ac73f7f49908f65b63907c",
            "fused:gitAuthorNames": [
              "Sina Kashuk",
              "Tyler Erickson",
              "Mehran Ghandehari",
              null,
              "Plinio Guzman",
              "Isaac Brodsky",
              null
            ],
            "fused:gitAuthorUsernames": [
              "kashuk",
              "tylere",
              "mehran66",
              "charlesfused",
              "pgzmnk",
              "isaacbrodsky",
              "fused-io[bot]"
            ],
            "fused:gitAuthorUrls": [
              "https://github.com/kashuk",
              "https://github.com/tylere",
              "https://github.com/mehran66",
              "https://github.com/charlesfused",
              "https://github.com/pgzmnk",
              "https://github.com/isaacbrodsky",
              "https://github.com/apps/fused-io"
            ],
            "fused:gitAuthorAvatarUrls": [
              "https://avatars.githubusercontent.com/u/12432685?v=4",
              "https://avatars.githubusercontent.com/u/92862?v=4",
              "https://avatars.githubusercontent.com/u/10367311?v=4",
              "https://avatars.githubusercontent.com/u/148997493?v=4",
              "https://avatars.githubusercontent.com/u/27398253?v=4",
              "https://avatars.githubusercontent.com/u/9139378?v=4",
              "https://avatars.githubusercontent.com/in/834700?v=4"
            ],
            "fused:gitLastModified": "2024-11-09T17:31:23+00:00",
            "fused:gitRepo": "fusedio/udfs"
          },
          "source": "Landsat_Tile_Example_mndwi.py",
          "headers": []
        }
      }
    ],
    "metadata": null
  }
}