{
  "version": "0.0.3",
  "job_config": {
    "version": "0.0.3",
    "name": null,
    "steps": [
      {
        "type": "udf",
        "udf": {
          "type": "geopandas_v2",
          "name": "duckdb_h3_tile_example_power_grid",
          "entrypoint": "udf",
          "parameters": {},
          "metadata": {
            "fused:assetUrl": "https://fused-magic.s3.us-west-2.amazonaws.com/thumbnails/udfs-staging/DuckDB_H3_Example_Tile.png",
            "fused:tags": [
              {
                "id": "Aggregation",
                "label": "Aggregation"
              },
              {
                "id": "parquet",
                "label": "parquet"
              },
              {
                "id": "DuckDB",
                "label": "DuckDB"
              },
              {
                "id": "Fused",
                "label": "Fused"
              },
              {
                "id": "H3-vector",
                "label": "H3-vector"
              }
            ],
            "fused:description": "## Overview\n\nThis UDF shows how to open NYC yellow taxi trip dataset using DuckDB and aggregate the pickups using [H3-DuckDB](https://github.com/isaacbrodsky/h3-duckdb) as tiles.\n\n## External links\n\n- [TLC Trip Record Data](https://www.nyc.gov/site/tlc/about/tlc-trip-record-data.page)\n\n## Run this in any Jupyter Notebook\n\n```python\nimport fused\n\nudf = fused.load(\"https://github.com/fusedio/udfs/tree/main/public/DuckDB_H3_Example_Tile\")\ngdf = fused.run(udf=udf, x=2412, y=3078, z=13)\ngdf\n```\n",
            "fused:vizConfig": {
              "tileLayer": {
                "@@type": "TileLayer",
                "minZoom": 0,
                "maxZoom": 19,
                "tileSize": 256,
                "pickable": true
              },
              "rasterLayer": {
                "@@type": "BitmapLayer",
                "pickable": true
              },
              "vectorLayer": {
                "opacity": 5,
                "@@type": "GeoJsonLayer",
                "stroked": false,
                "filled": true,
                "pickable": true,
                "getRadius": 10,
                "getFillColor": "@@=[properties.cnt/3+200, properties.cnt/5+50, properties.cnt/20]"
              }
            },
            "fused:udfType": "auto",
            "fused:slug": "duckdb_h3_tile_example_power_grid",
            "fused:name": "duckdb_h3_tile_example_power_grid",
            "fused:id": "5ef5c2d4-973b-4e09-b44a-fc2940bd8811",
            "fused:defaultViewState": {
              "enable": true,
              "latitude": 40.746878986881775,
              "longitude": -73.91048113436547,
              "zoom": 9.887562594810294,
              "pitch": 0,
              "bearing": 0
            },
            "fused:gitUrl": "https://github.com/fusedio/udfs/tree/551213e5001e5f752ee307cae56578682dced5a6/public/DuckDB_H3_Example_Tile/",
            "fused:gitShortUrl": "https://github.com/fusedio/udfs/tree/551213e/public/DuckDB_H3_Example_Tile/",
            "fused:gitPath": "public/DuckDB_H3_Example_Tile",
            "fused:gitRef": "551213e5001e5f752ee307cae56578682dced5a6",
            "fused:gitAuthorNames": [
              "Isaac Brodsky",
              "Plinio Guzman"
            ],
            "fused:gitAuthorUsernames": [
              "isaacbrodsky",
              "pgzmnk"
            ],
            "fused:gitAuthorUrls": [
              "https://github.com/isaacbrodsky",
              "https://github.com/pgzmnk"
            ],
            "fused:gitAuthorAvatarUrls": [
              "https://avatars.githubusercontent.com/u/9139378?v=4",
              "https://avatars.githubusercontent.com/u/27398253?v=4"
            ],
            "fused:gitLastModified": "2024-07-02T15:37:29+00:00",
            "fused:explorerTab": "public",
            "fused:gitRepo": "fusedio/udfs",
            "fused:sharedToken": "UDF_DuckDB_H3_Example_Tile"
          },
          "source": "duckdb_h3_tile_example_power_grid.py",
          "headers": []
        }
      }
    ],
    "metadata": null
  }
}