{
  "version": "0.0.3",
  "job_config": {
    "version": "0.0.3",
    "name": null,
    "steps": [
      {
        "type": "udf",
        "udf": {
          "type": "geopandas_v2",
          "name": "overture_neat_h3_road_density",
          "entrypoint": "udf",
          "parameters": {},
          "metadata": {
            "fused:vizConfig": {
              "tileLayer": {
                "@@type": "TileLayer",
                "minZoom": 0,
                "maxZoom": 19,
                "tileSize": 256,
                "pickable": true
              },
              "rasterLayer": {
                "@@type": "BitmapLayer",
                "pickable": true
              },
              "hexLayer": {
                "@@type": "H3HexagonLayer",
                "stroked": false,
                "filled": true,
                "extruded": true,
                "pickable": true,
                "opacity": 0.8,
                "getHexagon": "@@=properties.cell_id",
                "lineWidthMinPixels": 1,
                "pointRadiusMinPixels": 1,
                "getElevation": {
                  "@@function": "hasProp",
                  "property": "total_value",
                  "present": "@@=properties.total_value",
                  "absent": 1
                },
                "elevationScale": 5,
                "getFillColor": {
                  "@@function": "hasProp",
                  "property": "r",
                  "present": "@@=[properties.r, properties.g, properties.b, 228]",
                  "absent": [
                    255,
                    0,
                    255,
                    128
                  ]
                }
              }
            },
            "fused:udfType": "auto",
            "fused:slug": "overture_neat_h3_road_density",
            "fused:name": "overture_neat_h3_road_density",
            "fused:id": "ad77cd32-40be-42d2-bdc1-0ea482abbe23"
          },
          "source": "overture_neat_h3_road_density.py",
          "headers": [
            {
              "module_name": "utils",
              "source_file": "utils.py"
            }
          ]
        }
      }
    ],
    "metadata": null
  }
}