{
  "version": "0.0.3",
  "job_config": {
    "version": "0.0.3",
    "name": null,
    "steps": [
      {
        "type": "udf",
        "udf": {
          "type": "geopandas_v2",
          "name": "NLCD_Tile_Hexify_2_with_usgs_dem",
          "entrypoint": "udf",
          "parameters": {},
          "metadata": {
            "fused:vizConfig": {
              "tileLayer": {
                "@@type": "TileLayer",
                "minZoom": 5,
                "maxZoom": 19,
                "tileSize": 256,
                "extrude": true,
                "pickable": true
              },
              "hexLayer": {
                "opacity": 1,
                "coverage": 1,
                "@@type": "H3HexagonLayer",
                "stroked": true,
                "filled": true,
                "pickable": true,
                "getHexagon": "@@=properties.hex",
                "getFillColor": "@@=[properties.r, properties.g, properties.b]",
                "getElevation": "@@=properties.elevation",
                "elevationScale": 1
              }
            },
            "fused:udfType": "vector_tile",
            "fused:slug": "NLCD_Tile_Hexify_2_with_usgs_dem",
            "fused:name": "NLCD_Tile_Hexify_2_with_usgs_dem",
            "fused:defaultViewState": {
              "enable": true,
              "latitude": 37.938472382088094,
              "longitude": -121.22552505726844,
              "zoom": 8.014707931333762,
              "pitch": 0,
              "bearing": 0
            },
            "fused:assetUrl": "https://fused-magic.s3.us-west-2.amazonaws.com/thumbnails/udfs-staging/NLCD_Tile_Hexify.png",
            "fused:tags": [
              {
                "id": "raster",
                "label": "raster"
              },
              {
                "id": "aws",
                "label": "aws"
              },
              {
                "id": "lulc",
                "label": "lulc"
              },
              {
                "id": "30-meter",
                "label": "30-meter"
              }
            ],
            "fused:description": "# Overview\n\nThis UDF shows how to open annual [National Land Cover Database (National Land Cover Database) data](https://www.usgs.gov/centers/eros/science/annual-national-land-cover-database#overview) (NLCD) tiff files and dynamically converted into an H3 grid. The NLCD is a categorical land cover dataset with applications like carbon emission estimates, urban development analysis, wildfire hazard modeling, and tracking ecological and habitat changes. This dataset has annual coverage from 1985 to 2023.\n",
            "fused:userCreatedShareToken": "fsh_1QuGkiLtH7HIWFcyGKUHAV",
            "fused:id": "1e951a4e-62d4-44e5-82ad-9ec46fd991d5"
          },
          "source": "NLCD_Tile_Hexify_2_with_usgs_dem.py",
          "headers": []
        }
      }
    ],
    "metadata": null
  }
}