{
  "version": "0.0.3",
  "job_config": {
    "version": "0.0.3",
    "name": null,
    "steps": [
      {
        "type": "udf",
        "udf": {
          "type": "geopandas_v2",
          "name": "Sentinel_Tile_Example_NDWI_H3",
          "entrypoint": "udf",
          "parameters": {},
          "metadata": {
            "fused:vizConfig": {
              "tileLayer": {
                "@@type": "TileLayer",
                "minZoom": 0,
                "maxZoom": 19,
                "tileSize": 256,
                "pickable": true
              },
              "rasterLayer": {
                "@@type": "BitmapLayer",
                "pickable": true
              },
              "hexLayer": {
                "@@type": "H3HexagonLayer",
                "stroked": false,
                "filled": true,
                "extruded": false,
                "pickable": true,
                "opacity": 5,
                "coverage": 1,
                "pointRadiusMinPixels": 1,
                "getHexagon": "@@=properties.hex",
                "lineWidthMinPixels": 1,
                "getElevation": {
                  "@@function": "hasProp",
                  "property": "data",
                  "present": "@@=properties.data",
                  "absent": 1
                },
                "elevationScale": 100,
                "getFillColor": [
                  0,
                  0,
                  255
                ]
              }
            },
            "fused:udfType": "vector_tile",
            "fused:slug": "Sentinel_Tile_Example_NDWI_H3",
            "fused:name": "Sentinel_Tile_Example_NDWI_H3",
            "fused:defaultParameters": [],
            "fused:datasets": "Sentinel 2",
            "fused:id": "82d4e0db-34c3-4774-a777-5dc9defe2ec7",
            "fused:gitUrl": "https://github.com/fusedio/udfs/tree/96dd2f68919e6d594ac92318cfb370c1af18cd03/public/Sentinel_Tile_Example/",
            "fused:gitPath": "public/Sentinel_Tile_Example",
            "fused:gitRef": "96dd2f68919e6d594ac92318cfb370c1af18cd03",
            "fused:gitAuthorNames": [
              "Sina Kashuk",
              "Tyler Erickson",
              null,
              "Plinio Guzman",
              "Isaac Brodsky",
              null
            ],
            "fused:gitAuthorUsernames": [
              "kashuk",
              "tylere",
              "charlesfused",
              "pgzmnk",
              "isaacbrodsky",
              "fused-io[bot]"
            ],
            "fused:gitAuthorUrls": [
              "https://github.com/kashuk",
              "https://github.com/tylere",
              "https://github.com/charlesfused",
              "https://github.com/pgzmnk",
              "https://github.com/isaacbrodsky",
              "https://github.com/apps/fused-io"
            ],
            "fused:gitAuthorAvatarUrls": [
              "https://avatars.githubusercontent.com/u/12432685?v=4",
              "https://avatars.githubusercontent.com/u/92862?v=4",
              "https://avatars.githubusercontent.com/u/148997493?v=4",
              "https://avatars.githubusercontent.com/u/27398253?v=4",
              "https://avatars.githubusercontent.com/u/9139378?v=4",
              "https://avatars.githubusercontent.com/in/834700?v=4"
            ],
            "fused:gitLastModified": "2024-10-22T14:19:02+00:00",
            "fused:gitShortUrl": "https://github.com/fusedio/udfs/tree/96dd2f6/public/Sentinel_Tile_Example/",
            "fused:explorerTab": "public",
            "fused:gitRepo": "fusedio/udfs",
            "fused:gitPullRequestBranch": "max@fused.io-patch-Fixing-min-resolution-requireme",
            "fused:gitPullRequestLink": "https://github.com/fusedio/udfs/pull/372",
            "fused:assetUrl": "https://fused-magic.s3.us-west-2.amazonaws.com/thumbnails/udfs-staging/Sentinel_Tile_Example.png",
            "fused:tags": [
              {
                "id": "usgs",
                "label": "usgs"
              },
              {
                "id": "hillshade",
                "label": "hillshade"
              }
            ],
            "fused:description": "### Overview [link](https://planetarycomputer.microsoft.com/dataset/sentinel-2-l2a)\nThe [Sentinel-2](https://sentinel.esa.int/web/sentinel/missions/sentinel-2) program provides global imagery in thirteen spectral bands at 10m-60m resolution and a revisit time of approximately five days. This dataset represents the global Sentinel-2 archive, from 2016 to the present, processed to L2A (bottom-of-atmosphere) using Sen2Cor and converted to cloud-optimized GeoTIFF format.\n\n### External links\n* [Reference](https://planetarycomputer.microsoft.com/dataset/sentinel-2-l2a)\n* [AWS Earth Search STAC](https://earth-search.aws.element84.com/v1/collections/sentinel-2-l2a)\n* [Microsoft Planetary Computer STAC](https://planetarycomputer.microsoft.com/api/stac/v1/collections/sentinel-2-l2a)\n\n## Run this in any Jupyter Notebook\n\n```python\nimport fused\n\nudf = fused.load(\"https://github.com/fusedio/udfs/tree/main/public/Sentinel_Tile_Example\")\narr = fused.run(udf, x=5241, y=12667, z=15)\narr\n```\n",
            "fused:explorerPin": "14"
          },
          "source": "Sentinel_Tile_Example_NDWI_H3.py",
          "headers": [
            {
              "module_name": "utils",
              "source_file": "utils.py"
            }
          ]
        }
      }
    ],
    "metadata": null
  }
}