{
  "version": "0.0.3",
  "job_config": {
    "version": "0.0.3",
    "name": null,
    "steps": [
      {
        "type": "udf",
        "udf": {
          "type": "geopandas_v2",
          "name": "dem_higways_overture_h3_3",
          "entrypoint": "udf",
          "parameters": {},
          "metadata": {
            "fused:vizConfig": {
              "tileLayer": {
                "@@type": "TileLayer",
                "minZoom": 0,
                "maxZoom": 20,
                "tileSize": 256
              },
              "rasterLayer": {
                "@@type": "BitmapLayer",
                "pickable": true
              },
              "hexLayer": {
                "@@type": "H3HexagonLayer",
                "getHexagon": "@@=properties.hex",
                "opacity": 1,
                "stroked": false,
                "filled": true,
                "pickable": true,
                "extruded": true,
                "lineWidthMinPixels": 1,
                "pointRadiusMinPixels": 1,
                "getElevation": "@@=properties.metric",
                "elevationScale": 3,
                "getFillColor": {
                  "@@function": "colorContinuous",
                  "attr": "metric",
                  "domain": [
                    250,
                    380
                  ],
                  "steps": 10,
                  "colors": "Geyser",
                  "nullColor": [
                    200,
                    250,
                    0
                  ]
                },
                "getFllColor": [
                  200,
                  250,
                  0,
                  250
                ]
              }
            },
            "fused:udfType": "vector_tile",
            "fused:slug": "dem_higways_overture_h3_3",
            "fused:name": "dem_higways_overture_h3_3",
            "collectionMeta": {
              "walking_network": {
                "position": 6
              }
            },
            "fused:id": "1e4bc12f-ced9-41f2-a399-0db68ba6a299"
          },
          "source": "dem_higways_overture_h3_3.py",
          "headers": []
        }
      }
    ],
    "metadata": null
  }
}