{
  "version": "0.0.3",
  "job_config": {
    "version": "0.0.3",
    "name": null,
    "steps": [
      {
        "type": "udf",
        "udf": {
          "type": "geopandas_v2",
          "name": "join_fsq_overture_h3",
          "entrypoint": "udf",
          "parameters": {},
          "metadata": {
            "collectionMeta": {
              "join_pois_with_overture_copy": {
                "position": 12
              }
            },
            "fused:vizConfig": {
              "tileLayer": {
                "@@type": "TileLayer",
                "minZoom": 0,
                "maxZoom": 19,
                "tileSize": 256,
                "pickable": true
              },
              "rasterLayer": {
                "@@type": "BitmapLayer",
                "pickable": true
              },
              "vectorLayer": {
                "@@type": "GeoJsonLayer",
                "stroked": true,
                "filled": true,
                "pickable": true,
                "lineWidthMinPixels": 0.2,
                "pointRadiusMinPixels": 1,
                "getPointRadius": 1,
                "getLineColor": {
                  "@@function": "hasProp",
                  "property": "level1_category_name",
                  "present": [
                    0,
                    0,
                    0,
                    0
                  ],
                  "absent": [
                    200,
                    250,
                    100,
                    255
                  ]
                },
                "getFillColor": {
                  "@@function": "hasProp",
                  "property": "level1_category_name",
                  "present": {
                    "@@function": "colorCategories",
                    "attr": "level1_category_name",
                    "domain": [
                      "Dining and Drinking",
                      "Business and Professional Services",
                      "Retail",
                      "NA",
                      "Travel and Transportation",
                      "Community and Government",
                      "Arts and Entertainment",
                      "Landmarks and Outdoors",
                      "Health and Medicine",
                      "Sports and Recreation",
                      "Event"
                    ],
                    "colors": "Bold"
                  },
                  "absent": [
                    0,
                    0,
                    0,
                    0
                  ]
                }
              }
            },
            "fused:udfType": "auto",
            "fused:slug": "join_fsq_overture_h3",
            "fused:name": "join_fsq_overture_h3",
            "fused:id": "3b3ed3fa-1508-4b8c-85f9-5b0f5e2d88ca"
          },
          "source": "join_fsq_overture_h3.py",
          "headers": [
            {
              "module_name": "utils",
              "source_file": "utils.py"
            }
          ]
        }
      }
    ],
    "metadata": null
  }
}