{
  "version": "0.0.3",
  "job_config": {
    "version": "0.0.3",
    "name": null,
    "steps": [
      {
        "type": "udf",
        "udf": {
          "type": "geopandas_v2",
          "name": "Sentinel_Tile_Example_ndmi_moisture_mspc",
          "entrypoint": "udf",
          "parameters": {},
          "metadata": {
            "fused:vizConfig": {
              "tileLayer": {
                "@@type": "TileLayer",
                "minZoom": 0,
                "maxZoom": 14,
                "tileSize": 256,
                "extrude": true,
                "pickable": true
              },
              "hexLayer": {
                "opacity": 0.5,
                "coverage": 1,
                "@@type": "H3HexagonLayer",
                "stroked": false,
                "filled": true,
                "pickable": true,
                "extruded": false,
                "getHexagon": "@@=properties.hex",
                "getFillColor": {
                  "@@function": "colorContinuous",
                  "attr": "metric",
                  "domain": [
                    5,
                    10
                  ],
                  "steps": 20,
                  "colors": "Geyser",
                  "nullColor": [
                    200,
                    250,
                    0
                  ]
                },
                "getFilColor": "@@=[properties.metric*1, properties.metric*0.3, properties.metric*0.1]",
                "getElevation": "@@=properties.metric",
                "elevationScale": 20
              }
            },
            "fused:udfType": "vector_tile",
            "fused:slug": "Sentinel_Tile_Example_ndmi_moisture_mspc",
            "fused:name": "Sentinel_Tile_Example_ndmi_moisture_mspc",
            "fused:defaultParameters": [],
            "fused:datasets": "Sentinel 2",
            "fused:assetUrl": "https://fused-magic.s3.us-west-2.amazonaws.com/thumbnails/udfs-staging/Sentinel_Tile_Example.png",
            "fused:tags": [
              {
                "id": "usgs",
                "label": "usgs"
              },
              {
                "id": "hillshade",
                "label": "hillshade"
              }
            ],
            "fused:description": "### Overview [link](https://planetarycomputer.microsoft.com/dataset/sentinel-2-l2a)\nThe [Sentinel-2](https://sentinel.esa.int/web/sentinel/missions/sentinel-2) program provides global imagery in thirteen spectral bands at 10m-60m resolution and a revisit time of approximately five days. This dataset represents the global Sentinel-2 archive, from 2016 to the present, processed to L2A (bottom-of-atmosphere) using Sen2Cor and converted to cloud-optimized GeoTIFF format.\n\n### External links\n* [Reference](https://planetarycomputer.microsoft.com/dataset/sentinel-2-l2a)\n* [AWS Earth Search STAC](https://earth-search.aws.element84.com/v1/collections/sentinel-2-l2a)\n* [Microsoft Planetary Computer STAC](https://planetarycomputer.microsoft.com/api/stac/v1/collections/sentinel-2-l2a)\n\n## Run this in any Jupyter Notebook\n\n```python\nimport fused\n\nudf = fused.load(\"https://github.com/fusedio/udfs/tree/main/public/Sentinel_Tile_Example\")\narr = fused.run(udf, x=5241, y=12667, z=15)\narr\n```\n",
            "fused:userCreatedShareToken": "fsh_3kBSq5cKUdVnS0c4J8StlW",
            "fused:id": "aa9eb10d-addc-40a0-90b9-337ba8ca72ee"
          },
          "source": "Sentinel_Tile_Example_ndmi_moisture_mspc.py",
          "headers": [
            {
              "module_name": "utils",
              "source_file": "utils.py"
            }
          ]
        }
      }
    ],
    "metadata": null
  }
}