{
  "version": "0.0.3",
  "job_config": {
    "version": "0.0.3",
    "name": null,
    "steps": [
      {
        "type": "udf",
        "udf": {
          "type": "geopandas_v2",
          "name": "times_square_yellow_routes_2_h3_parquet",
          "entrypoint": "udf",
          "parameters": {},
          "metadata": {
            "fused:vizConfig": {
              "tileLayer": {
                "@@type": "TileLayer",
                "minZoom": 0,
                "maxZoom": 19,
                "tileSize": 256,
                "pickable": true
              },
              "rasterLayer": {
                "@@type": "BitmapLayer"
              },
              "hexLayer": {
                "@@type": "H3HexagonLayer",
                "getHexagon": "@@=properties.hex",
                "stroked": false,
                "filled": true,
                "pickable": true,
                "extruded": true,
                "coverage": 1,
                "opacity": 1,
                "lineWidthMinPixels": 1,
                "pointRadiusMinPixels": 1,
                "getElevation": {
                  "@@function": "hasProp",
                  "property": "cnt",
                  "present": "@@=properties.cnt",
                  "absent": 1
                },
                "elevationScale": 0.5,
                "getLineColor": {
                  "@@function": "hasProp",
                  "property": "r",
                  "present": "@@=[properties.r, properties.g, properties.b, 10]",
                  "absent": [
                    200,
                    250,
                    0
                  ]
                },
                "getFillColor": {
                  "@@function": "hasProp",
                  "property": "r",
                  "present": "@@=[properties.r, properties.g, properties.b, 255]",
                  "absent": [
                    255,
                    0,
                    255,
                    128
                  ]
                }
              }
            },
            "fused:udfType": "auto",
            "fused:slug": "times_square_yellow_routes_2_h3_parquet",
            "fused:name": "times_square_yellow_routes_2_h3_parquet",
            "fused:gitUrl": "https://github.com/fusedio/udfs/tree/ca262bef10b2774c4b4b58fc04548863efff2364/files/Pandas_Parquet/",
            "fused:gitShortUrl": "https://github.com/fusedio/udfs/tree/ca262be/files/Pandas_Parquet/",
            "fused:gitPath": "files/Pandas_Parquet",
            "fused:gitRef": "ca262bef10b2774c4b4b58fc04548863efff2364",
            "fused:assetUrl": "https://fused-magic.s3.us-west-2.amazonaws.com/thumbnails/udf_cards/pd_parquet.png",
            "fused:description": "Read a Parquet or Geoparquet file.\n",
            "fused:gitAuthorNames": [
              "Isaac Brodsky",
              "Plinio Guzman"
            ],
            "fused:gitAuthorUsernames": [
              "isaacbrodsky",
              "pgzmnk"
            ],
            "fused:gitAuthorUrls": [
              "https://github.com/isaacbrodsky",
              "https://github.com/pgzmnk"
            ],
            "fused:gitAuthorAvatarUrls": [
              "https://avatars.githubusercontent.com/u/9139378?v=4",
              "https://avatars.githubusercontent.com/u/27398253?v=4"
            ],
            "fused:gitLastModified": "2024-10-24T17:26:12+00:00",
            "fused:gitRepo": "fusedio/udfs"
          },
          "source": "times_square_yellow_routes_2_h3_parquet.py",
          "headers": [
            {
              "module_name": "utils",
              "source_file": "utils.py"
            }
          ]
        }
      }
    ],
    "metadata": null
  }
}