{
  "version": "0.0.3",
  "job_config": {
    "version": "0.0.3",
    "name": null,
    "steps": [
      {
        "type": "udf",
        "udf": {
          "type": "geopandas_v2",
          "name": "carbon_plan_zarr_burn_probability_2",
          "entrypoint": "udf",
          "parameters": {},
          "metadata": {
            "fused:defaultParameters": [
              {
                "parameter": "layer",
                "value": "",
                "type": "string",
                "suggestedValues": [
                  "biomes",
                  "drought_code_max",
                  "drought_code_mean",
                  "fcci_ba",
                  "fcci_fraction_of_burnable_area",
                  "fcci_fraction_of_observed_area",
                  "fcci_number_of_patches",
                  "fwi_max",
                  "fwi_mean",
                  "gfed_ba",
                  "gfed_region",
                  "gwis_ba",
                  "lai",
                  "lccs_class_1",
                  "lccs_class_2",
                  "lccs_class_3",
                  "lccs_class_4",
                  "lccs_class_5",
                  "lccs_class_6",
                  "lccs_class_7",
                  "lccs_class_8",
                  "lsm",
                  "lst_day",
                  "mslp",
                  "ndvi",
                  "pop_dens",
                  "rel_hum",
                  "skt",
                  "ssr",
                  "ssrd",
                  "sst",
                  "swvl1",
                  "swvl2",
                  "swvl3",
                  "swvl4",
                  "t2m_max",
                  "t2m_mean",
                  "t2m_min",
                  "tp",
                  "vpd",
                  "ws10"
                ]
              }
            ],
            "fused:vizConfig": {
              "tileLayer": {
                "@@type": "TileLayer",
                "minZoom": 0,
                "maxZoom": 9,
                "tileSize": 256,
                "pickable": true
              },
              "rasterLayer": {
                "@@type": "BitmapLayer",
                "pickable": true
              },
              "vectorLayer": {
                "@@type": "GeoJsonLayer",
                "stroked": true,
                "filled": false,
                "pickable": true,
                "lineWidthMinPixels": 1,
                "pointRadiusMinPixels": 1,
                "getLineColor": {
                  "@@function": "hasProp",
                  "property": "g",
                  "present": "@@=[properties.r, properties.g, properties.b]",
                  "absent": [
                    0,
                    0,
                    0
                  ]
                },
                "getFillColor": [
                  255,
                  0,
                  0,
                  40
                ],
                "getLineWidth": {
                  "@@function": "hasValue",
                  "property": "value",
                  "fallback": 0
                },
                "getRadius": {
                  "@@function": "hasValue",
                  "property": "value",
                  "fallback": 0
                },
                "visible": {
                  "@@function": "checkValue",
                  "property": "value",
                  "valid": true,
                  "invalid": false
                }
              }
            },
            "fused:udfType": "vector_tile",
            "fused:slug": "carbon_plan_zarr_burn_probability_2",
            "fused:name": "carbon_plan_zarr_burn_probability_2",
            "fused:defaultViewState": {
              "enable": true,
              "latitude": -30.056942534618376,
              "longitude": -63.850457764663815,
              "zoom": 2.142928165487409,
              "pitch": 0,
              "bearing": 0
            },
            "fused:assetUrl": "https://fused-magic.s3.us-west-2.amazonaws.com/thumbnails/udfs-staging/nex_gddp_cmip6.png",
            "fused:tags": [
              {
                "id": "zarr",
                "label": "zarr"
              },
              {
                "id": "climate",
                "label": "climate"
              }
            ],
            "fused:description": "# Vida NEX-GDDP-based climate model\n\nThis UDF operates on a given bounding box ('bounds') to select and show the output from\nVida's processed NEX-GDDP-based ensemble climate data for the year 2080 by default.\n",
            "fused:userCreatedShareToken": "fsh_5v0YpLCkiPSeGmeUDX1c32",
            "fused:id": "3001f08c-a730-4cbc-a654-e34d4236656a"
          },
          "source": "carbon_plan_zarr_burn_probability_2.py",
          "headers": []
        }
      }
    ],
    "metadata": null
  }
}