{
  "version": "0.0.3",
  "job_config": {
    "version": "0.0.3",
    "name": null,
    "steps": [
      {
        "type": "udf",
        "udf": {
          "type": "geopandas_v2",
          "name": "GOES_18_Async_copy",
          "entrypoint": "udf",
          "parameters": {},
          "metadata": {
            "fused:vizConfig": {
              "tileLayer": {
                "@@type": "TileLayer",
                "minZoom": 0,
                "maxZoom": 19,
                "tileSize": 256,
                "pickable": true
              },
              "rasterLayer": {
                "@@type": "BitmapLayer",
                "pickable": true
              },
              "vectorLayer": {
                "@@type": "GeoJsonLayer",
                "stroked": true,
                "filled": false,
                "pickable": true,
                "lineWidthMinPixels": 1,
                "getLineColor": {
                  "@@function": "hasProp",
                  "property": "r",
                  "present": "@@=[properties.r, properties.g, properties.b]",
                  "absent": [
                    255,
                    0,
                    255
                  ]
                },
                "getFillColor": [
                  255,
                  0,
                  0,
                  40
                ]
              }
            },
            "fused:udfType": "vector_single",
            "fused:slug": "GOES_18_Async_copy",
            "fused:name": "GOES_18_Async_copy",
            "fused:id": "de6636a7-72ce-48c4-b629-bf78e3644ef3"
          },
          "source": "GOES_18_Async_copy.py",
          "headers": [
            {
              "module_name": "utils",
              "source_file": "utils.py"
            }
          ]
        }
      }
    ],
    "metadata": null
  }
}