{
  "version": "0.0.3",
  "job_config": {
    "version": "0.0.3",
    "name": null,
    "steps": [
      {
        "type": "udf",
        "udf": {
          "type": "geopandas_v2",
          "name": "NAIP_Tile_Example_copy",
          "entrypoint": "udf",
          "parameters": {},
          "metadata": {
            "fused:vizConfig": {
              "@@type": "TileLayer",
              "minZoom": 0,
              "maxZoom": 19,
              "tileSize": 256,
              "pickable": true,
              "subLayerConfig": {
                "@@type": "BitmapLayer"
              }
            },
            "fused:udfType": "raster",
            "fused:slug": "NAIP_Tile_Example_copy",
            "fused:name": "NAIP_Tile_Example_copy",
            "fused:assetUrl": "https://fused-magic.s3.us-west-2.amazonaws.com/thumbnails/udfs-staging/NAIP_Tile_Example.png",
            "fused:tags": [
              {
                "id": "high-res",
                "label": "high-res"
              },
              {
                "id": "raster",
                "label": "raster"
              },
              {
                "id": "aws",
                "label": "aws"
              },
              {
                "id": "bbox",
                "label": "bbox"
              }
            ],
            "fused:description": "# Overview\n\nNAIP aerial imagery, obtained seasonally in the U.S., aims to deliver digital ortho photography to the government and the public within a year of acquisition.\n\n# External links\n\n- [National Agriculture Imagery Program (NAIP)](https://naip-usdaonline.hub.arcgis.com/)\n\n## Run this in any Jupyter Notebook\n\n```python\nimport fused\n\nudf = fused.load(\"https://github.com/fusedio/udfs/tree/main/public/NAIP_Tile_Example\")\narr = fused.run(udf=udf, x=5241, y=12667, z=15)\narr\n```",
            "fused:defaultViewState": {
              "enable": true,
              "latitude": 37.78859906367361,
              "longitude": -122.39950821441626,
              "zoom": 13.690647419290904,
              "pitch": 0,
              "bearing": 0
            },
            "fused:gitUrl": "https://github.com/fusedio/udfs/tree/94cf254b4af33030a5ee8a19d853c02dc8b48796/public/NAIP_Tile_Example/",
            "fused:gitShortUrl": "https://github.com/fusedio/udfs/tree/94cf254/public/NAIP_Tile_Example/",
            "fused:gitPath": "public/NAIP_Tile_Example",
            "fused:gitRef": "94cf254b4af33030a5ee8a19d853c02dc8b48796",
            "fused:gitAuthorNames": [
              "Sina Kashuk",
              "Tyler Erickson",
              "Marko Letic",
              "Kyle Barron",
              null,
              "Plinio Guzman"
            ],
            "fused:gitAuthorUsernames": [
              "kashuk",
              "tylere",
              "mletic",
              "kylebarron",
              "charlesfused",
              "pgzmnk"
            ],
            "fused:gitAuthorUrls": [
              "https://github.com/kashuk",
              "https://github.com/tylere",
              "https://github.com/mletic",
              "https://github.com/kylebarron",
              "https://github.com/charlesfused",
              "https://github.com/pgzmnk"
            ],
            "fused:gitAuthorAvatarUrls": [
              "https://avatars.githubusercontent.com/u/12432685?v=4",
              "https://avatars.githubusercontent.com/u/92862?v=4",
              "https://avatars.githubusercontent.com/u/7241522?v=4",
              "https://avatars.githubusercontent.com/u/15164633?v=4",
              "https://avatars.githubusercontent.com/u/148997493?v=4",
              "https://avatars.githubusercontent.com/u/27398253?v=4"
            ],
            "fused:gitLastModified": "2024-03-13T17:22:21+00:00",
            "fused:id": "1de60ca8-fc33-4ee7-be78-14dcec22c16f",
            "fused:explorerTab": "public"
          },
          "source": "NAIP_Tile_Example_copy.py",
          "headers": []
        }
      }
    ],
    "metadata": null
  }
}